{"file": "Ken", "index_in_population": 12, "sprite_height": 100, "population_number": 157, "color_name": "chocolate4", "neural_net": {"hidden_layers": [{"bias": [[0.4408417086166412, 1.1817938632090241, 1.5117186197379544, 0.797658071847483, 0.009929045200482323, 1.993343397678884, 0.9774357064565897, 1.8870793214228232, 1.1497701389151642, 1.13422225329807, 1.0540412725385502, 0.24870669610715423, 0.9827892846915975, 1.5775132967280854, 1.672808245298879, 0.40981781452196664, 1.561686301217452, 0.08542397128763568, 1.9071701747546321, 0.8422786676441765]], "weights": [[1.54644127184255, 1.5319046883220857, 1.6497976343499032, 0.9102523668589262, 0.21131350003672034, 1.0406202419996649, 1.7470471387661832, 0.9355139807350186, 0.29540366238695626, 1.827314383086241, 1.3519577781213241, 1.302521539731379, 0.6568462642679382, 1.51548131660758, 1.4780940394440325, 0.38826460856056255, 0.9353238140402607, 1.0008372623244284, 1.1762542117385015, 0.5715916269397829], [1.4020080318958665, 0.25119908587524975, 1.2253435870905887, 0.35508419745921893, 1.7207723433660054, 1.4956804718971608, 1.0933002119851551, 1.183102215402725, 0.39649395868487436, 0.44743104485931484, 1.0281240448148377, 0.9782208757627395, 0.6424763330176992, 0.21672768344431925, 0.901501630782521, 1.1358387296390835, 1.7850480586496682, 1.6947696936574879, 0.5249541334793391, 1.9099983040923336], [0.8444735127459249, 0.4638321224474018, 0.10680126384061839, 1.5818939786393384, 0.9545759360116841, 1.4770720696840243, 1.0303773650436643, 0.9256415841250512, 0.8765465398577057, 1.4981540350782054, 1.9709049094530304, 0.7016092280654682, 0.25443597046160327, 1.1942547542802315, 0.4643537134182798, 1.5222197928461365, 1.2099931237474082, 1.3904228391143822, 1.878028658984666, 1.637906083261805], [1.612067886915356, 1.452894081172237, 0.6588075260897552, 0.007623223947878399, 1.8606519602884894, 0.35630905270788427, 1.0483127637357075, 1.0570805734305797, 0.27138196715025775, 1.3265828737934156, 0.4931370297821327, 1.5234400997937692, 0.9168965020340938, 1.3523215209770225, 0.9023038221809863, 1.9772756231242927, 0.44990380599959723, 1.59679568990853, 0.8083942467198202, 0.49646909146361473], [0.7543237596366636, 1.7470016260992889, 1.0722208765616144, 0.6966805738292643, 1.5422931826739958, 0.874935470383901, 0.4092212485225224, 1.9367650914506027, 1.0929248361769404, 0.13451981772660226, 1.9410201232105098, 0.6831823097894318, 0.3346869135148429, 0.11707648042499708, 0.30637210404097215, 1.8634014851709118, 0.7271045127328255, 1.417101490023024, 1.454712274717409, 1.3793893897041587], [0.7882300196032983, 0.9670229157791606, 1.567347059405053, 1.8346810690265767, 0.4717400064533279, 1.8763981596701302, 0.32019412822038196, 1.6789575287081802, 0.059485948703882574, 0.9284093822369754, 0.8185594574091954, 1.187942626626115, 0.3048281197120579, 0.14205578848238232, 1.2757945780216524, 1.425586695215371, 0.42501684785984706, 1.920184675382196, 0.3492639291352133, 1.7803210234363966], [1.7486945144281862, 0.2975663168240692, 1.236513358706021, 0.6193738382643772, 1.11655211687951, 0.9090005386504718, 0.46309596803258724, 1.9673714399417859, 0.44630958131781817, 0.7362467365383418, 0.6411079145203276, 0.8221859854477949, 1.3959063063678023, 1.0282092836401417, 0.8932819104804544, 0.8398939644380234, 0.43853426379322147, 0.18896096153962816, 0.5897860134252364, 0.48240030011068114], [1.9522769124814754, 0.10093508131402351, 1.081133677283382, 0.2668175497746097, 0.5747756353678861, 0.26428666596957484, 1.8539695619856897, 1.318977629807615, 1.8681237554397752, 0.7231395323416183, 1.5394934569746437, 0.017276691998569405, 0.4449116985491284, 0.9996622981634444, 0.1791750945008206, 1.4027458641743298, 1.5778787542190635, 0.4424932798767116, 1.1055778257160287, 1.9804655840450558], [0.575082186261491, 0.6911302524431657, 1.3219659666453296, 1.31165822177281, 0.6002960491920724, 1.893031386826165, 1.462008905816605, 0.8422106805754266, 0.21788799298670525, 1.2489646856822025, 0.4607116131492075, 0.8023049904855339, 0.7024379224797901, 0.9935886563958889, 1.423102615537289, 1.650773820272404, 1.4654982731665267, 1.1012958548683631, 0.49873656458061144, 0.3580044297015781], [1.3348907072771996, 0.13158433485851662, 1.6298282442333147, 0.2804711359617791, 1.8313980467739148, 1.373432880155059, 1.4668686271485862, 1.9163109813201535, 0.6376931787534901, 1.1067786509803998, 0.15005731620945206, 1.6429621357701334, 0.45071224215639427, 0.3127392325293419, 0.6392608806441378, 0.8802108086241014, 1.2663298897788453, 0.09445303367679991, 0.0831694321052554, 0.9214018112009907], [0.6026903904328285, 0.5887847796282086, 1.6371813669603836, 1.1196160538221058, 0.9240942001990708, 1.4871460180532328, 0.27097708261345077, 1.329731393391423, 0.7975696130171173, 1.3069737604517833, 0.6351689909592428, 1.4706982600572618, 1.8584340615334691, 1.1374673113227778, 0.4577873480829635, 1.3982154601288104, 1.448221871703688, 0.9958528367679003, 0.055897336972025036, 1.5562546363993095], [0.01077829668713881, 1.4101023981394252, 0.44955255130278005, 0.21786232468313238, 0.2517788828619052, 0.2659803122997675, 1.577978455207535, 0.0892706237550489, 1.2371077453372368, 1.0993114065694412, 0.7071625757067528, 0.02251261844878938, 1.2819575774469887, 0.5479893109582141, 1.259579497972204, 0.11080934471072523, 0.1653479169093779, 0.4929752777301524, 1.6530155021513602, 1.9607881839491919], [1.3891699538468132, 0.8661748830967753, 1.6516109997249402, 0.9974326677517575, 0.9138567983228745, 1.5103588071632066, 0.7895674693938186, 1.0758544609128755, 1.009941188106178, 0.6543409753584828, 1.2530290800123813, 1.2515879147672464, 1.3051834903903774, 0.015612510896097165, 1.1887344260984747, 0.4570497597598362, 0.236557254413297, 1.8076132070006605, 0.7222543481476402, 0.8130228359072051], [1.8741827727820928, 0.37223466101727043, 0.1281060386095605, 0.15673740346985254, 1.883667384686691, 0.2695790538175442, 1.6863057587247088, 0.07810994200416843, 0.7956908681506938, 0.629562328987066, 1.5722348102234613, 1.457926904527822, 0.7878353072248876, 1.9683019108558883, 0.011714563407599465, 1.8797940322162627, 0.04328948690623369, 0.7372785852208767, 0.23371398576870206, 0.09406297233280125], [0.8150047941827296, 1.0872466221394488, 1.931089176171457, 1.5646052706686882, 1.1992171765288884, 0.5376520095535511, 1.1076227838857826, 1.2573943751838554, 0.7757598262772754, 1.2453331203896787, 0.781028899971346, 0.6967977887276064, 1.1118345244130667, 0.3634557914656882, 1.9816112483629211, 1.3367133233976407, 1.8827520387986507, 1.4848682193103595, 0.22435549857927106, 0.6525972155116659], [0.2412675107689286, 0.019612229568034323, 0.8630854374904946, 0.04661054784241325, 1.5692367661216948, 1.9032273603382743, 0.6629559392256088, 0.08667173837015696, 0.7619969670709985, 0.3060236304246693, 0.09856299558402637, 1.06499113321212, 1.9342408884477613, 1.2767167658848, 0.7092808607562924, 1.4336990472028408, 1.3730954168825347, 1.0489070929618074, 1.8959340991796243, 0.8416875043877612], [1.2517235297324085, 1.9237127346560803, 0.20632712437352807, 1.173780548280245, 0.8905658842791502, 1.0432659712067915, 0.7872681007934677, 1.1588828298072746, 0.31354986329741896, 0.1375614850100053, 0.7901793962026216, 0.22152396874718217, 0.38742065667292724, 1.2381118636251542, 1.6065471684082715, 1.294673619634581, 0.07826359798310545, 1.849071768923709, 0.22360245912785714, 0.9890858985120927]]}, {"bias": [[1.1412437327637386, 0.19290511890799444, 0.031600461129152047, 1.6746999147641979, 0.7911630773013194, 1.1568750906907355, 1.9793960469722676, 1.0014587353134308, 1.5876893829341758, 0.485808535972555, 0.8550335824933002, 1.4031048721474764, 1.065983960330568, 0.3503887225568574, 0.4107803605944673, 1.0977050213469148, 0.3957691747098582, 1.9594676692682669, 1.9736806682606391, 0.3714219215566019]],