{"file": "Ken", "index_in_population": 11, "sprite_height": 100, "population_number": 157, "color_name": "hotpink1", "neural_net": {"hidden_layers": [{"bias": [[0.8704988279449268, 1.5272788650297715, 0.04597129355061913, 0.4535192976202982, 0.5837272265582027, 1.256061550288391, 1.799344861645747, 1.5899687348312654, 0.7177167851014148, 0.668709338107043, 0.3496885513968395, 1.8050764896582736, 1.2846972538674946, 0.2510457477590955, 1.3462472887706174, 1.5862528501824846, 1.7235648366248204, 0.6385433264791613, 0.9746643606879546, 1.2146630675347903]], "weights": [[0.7029046657138172, 0.2884999970653088, 1.9475198204809145, 1.3268773735860078, 0.24129087787968073, 0.17925500722787024, 1.956870109478911, 0.6529401757193889, 0.6405283446252779, 0.5891648969744832, 0.34692315851950517, 0.6929749908335272, 1.846793325019154, 1.0028316097410916, 0.9283313288958988, 0.5810462850245373, 0.44891268070962287, 1.5618033018434123, 0.703051477464316, 1.4806836282971052], [1.6371290248849695, 1.9934882383490375, 1.9797487500224584, 1.3433468886549542, 1.3252693704312617, 1.6926848615852703, 1.2907749955847785, 0.7183503721911173, 1.3275338854239376, 0.5740987685229106, 1.21952800278524, 0.02325272005012957, 1.763816250473535, 0.19745091275740267, 0.2962945117420648, 1.086814123627989, 0.9826506949309959, 1.9088454612799344, 0.513676275485246, 1.9746313815072059], [0.6745864783867122, 1.1378427791026284, 0.5632040617653924, 0.3316674067247838, 0.8916500652797281, 0.13306924496408112, 1.703530479073076, 0.7963354692937492, 0.23616236429111792, 1.2673407586775993, 1.6152079770794068, 1.3800267856769546, 0.6721269144079547, 0.19331146299639568, 0.4424967892704432, 1.2069881372731375, 0.08075102528903488, 0.5504880611709075, 0.7074141238851483, 1.863687974038137], [0.6464204267759062, 0.6983167441623355, 0.9056703177397147, 0.1041702393491839, 1.7072744400448534, 0.19730204891261294, 1.491216934518717, 1.4917571846593534, 0.8002089763357301, 0.39056053500517796, 1.9888494837055546, 1.0550938723767713, 0.15382046144631634, 1.631842379405172, 1.7377504973613511, 1.7239634767763827, 0.8958698778971401, 1.5599007794089372, 1.1753545711472322, 1.5111043868952094], [1.3483472084371033, 0.6563215018258481, 0.2503891836608245, 0.15013793288103394, 1.1721933590191709, 0.9810524566904735, 1.930951410279319, 1.5694235628791404, 0.4515498309987058, 1.1303824707955, 0.8614689123425168, 1.219914926811627, 0.2678702201723655, 1.8191455871791016, 1.367930830638417, 1.1542375645118559, 0.19448005277996527, 0.6500258138825428, 1.155086708322974, 0.0967466699275139], [0.22437398424185973, 1.5568083363158371, 1.7314614923420033, 1.2469907531424136, 0.39571959573042537, 0.2530757417906191, 0.3105555764412453, 1.8800896902703605, 0.29920955374424985, 1.3985821035985622, 0.24558921970136627, 1.0947275461530472, 1.8744010002326015, 1.0657977662141005, 1.734521595502968, 1.959069084371646, 1.0361963093531374, 0.46540112886030105, 0.8908072937845484, 0.6804210889155051], [0.6470647897523765, 1.9129137627592074, 0.27649623917202293, 1.2971174638318586, 0.36649618593143196, 1.8443671944067186, 1.1495984984039596, 1.732230156965042, 0.9624910439025938, 1.103504410531371, 1.3941607056741891, 1.1771776485675525, 1.0386421430680846, 0.0394475737717932, 1.3741945194991103, 0.15423582994661955, 1.7418980572498324, 0.38482331742265075, 0.7102770571934292, 1.279783018979214], [0.5186595815028576, 1.28507737713689, 0.6824755815750556, 0.7791584794715054, 1.3969202930580544, 1.1420188196403043, 0.47880657855827935, 0.6230916120824277, 0.5911457279224523, 0.8077793552225101, 1.852595659485684, 1.8463267910370909, 1.2814751459604177, 0.3421148765160158, 1.7696382600368983, 1.250103091309461, 0.1803138824566748, 1.2214892951421685, 0.4900641843696658, 0.9782736039062983], [1.7077340566741495, 0.6322111917937068, 0.5163691991688522, 0.5135632031534638, 1.5493532007053161, 0.392968055051957, 0.3497120144544672, 0.2611850277355465, 1.9999481954634557, 1.5694129974849993, 0.16318340619898675, 1.0889420758617259, 1.4507234541960818, 1.1183123374981485, 0.4642481335078201, 0.029185405135098375, 1.649703648191508, 0.0865370769445788, 0.4953389744684966, 1.7006003022918241], [1.715662349227693, 1.2967165866360568, 0.420678302484234, 1.957711429161536, 0.24650034429964474, 0.26712832214814597, 1.0743792614566556, 1.1137797188999867, 0.7525366364898713, 0.19139340460434773, 1.03914561815396, 0.4656781556236276, 1.1450680338952997, 1.0919732334880006, 0.7176167698441542, 1.171934258255588, 0.7780662908558238, 1.7441258656751053, 0.40888144066139454, 1.6345533362977274], [1.6094163969012263, 1.9276813403107815, 1.3542879087238584, 1.1666625198335212, 1.7670360229608029, 0.5444555059897453, 0.6692088805803702, 1.7936529438402953, 1.4656915736205751, 0.9956588712704606, 0.0421694804461028, 1.3374307026982766, 1.6111047320304863, 1.403214159144847, 0.23672276749190635, 0.959991890135574, 1.1984504072410276, 0.5450666705557035, 0.13114961102455336, 0.7976668366633679], [1.5825055158201429, 1.1076706689412534, 0.21780101101887195, 1.6114838297229286, 0.9039889332696358, 1.3479180667556416, 1.6758527875192326, 0.8260414683656152, 0.8059058895117264, 0.9839886263598057, 0.3341020235769103, 1.1833415785296062, 1.475989140102068, 0.19252259490885026, 1.0369343038222927, 1.1898186566161517, 1.609426432608171, 1.9194706011440343, 0.42137046289027325, 0.37553591652329343], [0.22249298222130776, 0.5033202557680203, 0.9062545779161502, 1.6330859927879549, 1.1110728938576302, 1.4410836235964195, 0.6385585008847197, 1.3965063980301988, 1.2288824391115931, 1.8835674190865923, 1.8031978820652783, 0.37620748662896464, 0.5050153874965397, 0.20261827441990854, 0.8855301734343537, 1.0414955880152599, 0.10964987321257191, 0.9172720320884655, 1.5852749222003013, 0.3454022568319157], [0.008561796483391504, 0.8978048269630492, 1.1900465982459283, 1.3209798642390003, 1.8498311477589637, 0.41760653173171836, 1.0476456115210822, 1.6567452006565015, 0.8467768161282749, 0.4332211012776661, 1.143499485842916, 0.45481203802404857, 0.762398630376885, 0.06453307181664747, 1.7588168266968434, 1.145510426017347, 0.16412703636232262, 0.5970664521941123, 0.955852600711333, 1.2790317277930794], [1.1805715610523533, 1.4449188309105347, 1.8634234524275701, 1.0787293844783534, 1.5367061416018348, 0.7994334973020181, 0.09996018474023649, 0.39687975035101863, 0.1782283471207038, 0.4311456420233095, 0.5098662257729449, 0.27287655870566097, 0.8090513946678142, 1.3812409661726597, 0.20561348346700314, 0.3704933485716253, 1.0952670854965005, 0.48235554476102616, 1.0940287775740916, 1.1546283300441924], [1.549790050805058, 1.8662816877053106, 0.5032179686723923, 1.8416734287123186, 1.475351121586281, 0.717460521420904, 1.093866904164696, 0.7329968743744479, 0.5530882047035279, 0.11322079272459162, 1.1295245201502264, 1.7577477970258366, 0.8204527000392907, 0.758897570741434, 0.8580838746108366, 0.8331332852303477, 1.91892858515652, 1.7213471718295215, 0.5920708392707967, 1.2231202326617647], [1.1314152051748845, 0.5463606808808441, 0.19233385625034538, 0.13128513382389828, 1.2740258211686195, 1.1938059338382179, 1.8542035463479594, 0.9042997832189896, 1.9352845467341644, 0.07260999926226708, 1.1068817595639107, 0.021681995631774864, 1.5916079601975277, 0.5871913656794039, 1.2808877767715483, 1.2597561094400689, 1.4032498993148095, 0.09955675679192, 0.7066956324601861, 1.1064896096941144]]}, {"bias": [[0.9169703358317216, 0.37033747399865025, 1.4325729116006967, 0.62955226506614, 1.3484064543199732, 1.9716296892392204, 0.610422002690785, 1.9337800054507166, 1.918188797688544, 0.6493905795116919, 1.3964837951917914, 0.6129668683776373, 0.2983945141225537, 0.23822709040533208, 0.7878228799357294, 0.03512933186502609, 0.5122543205708672, 0.35267554162640735, 1.629081732792497, 0.41858981448651345]],