{"file": "Ken", "index_in_population": 15, "sprite_height": 100, "population_number": 157, "color_name": "gray26", "neural_net": {"hidden_layers": [{"bias": [[1.025274942417132, 1.1383323847639915, 0.7259615826149219, 1.9558221487086043, 0.5423115947936112, 0.1550402779459117, 0.6473789264405141, 0.554824079025392, 0.6091918899185855, 0.5952270524827883, 0.7723074791599676, 0.036311819437322645, 0.5004047539479533, 1.5600640416253218, 0.9511080967676022, 0.7263334380098998, 1.5574081188523643, 0.9329815661477312, 1.4313887827016925, 0.16054219995814667]], "weights": [[1.0029922054663798, 1.338383670090196, 0.8159464155867973, 1.3501433924388897, 0.08227342619022227, 1.8401356729487086, 0.3888315831541569, 0.7180609634509401, 0.6714330806518736, 1.5460513972174945, 0.830789868004971, 0.15610433422356929, 0.08879213600521862, 1.3060114325775154, 0.108680593554207, 0.8424203221701061, 1.5032159625605885, 1.25246179800624, 0.08719439165520582, 1.1471297720508031], [0.4576707479250677, 0.6157177264975133, 1.9913456610506404, 0.13222789697220638, 0.15325552803897602, 1.4158676134551078, 0.16140751351707006, 0.7810134023743496, 1.0593491196796434, 1.1662693224516634, 0.9558682704410262, 1.1185447362464702, 0.0003595020143296601, 1.397271593753709, 1.9524069627220437, 1.2879436464528118, 0.35813203120492787, 1.2066116125662614, 1.1417437741529097, 0.2660958742559896], [1.4535503538813954, 1.2484801256997111, 1.751558056828197, 0.2759406269656983, 1.184856616010713, 0.8809565086435731, 0.05238629419380336, 1.3455262270306074, 0.3741941693353492, 1.4223246581258817, 1.905681532410301, 1.7876339275784974, 0.5999777123495018, 0.12277532911680167, 0.36930649629542356, 0.9791027066365512, 1.7204512278822632, 1.8554086159095076, 0.5187298302628882, 0.39023908444446964], [1.7788114686055183, 0.03132285013879521, 1.1619140324939752, 0.8043697294160967, 0.5743633109152064, 0.8058457715200358, 1.019937951721047, 0.8697551825828687, 0.7454663848812151, 1.4154101168105142, 1.4030156076482407, 1.9454139635776106, 1.7682358769222157, 1.578391961817585, 1.0347227288416647, 0.7978241893653177, 0.752890862708093, 0.17302586235313377, 1.3424484381686352, 1.8747143458529871], [1.4640668245133366, 1.8408959028278964, 1.7754722297318852, 0.9974886513119274, 0.7961935300511331, 1.2456656959999601, 1.3919033796299027, 1.9903557661869364, 1.7877155599538872, 1.2878459635530624, 1.1004308668796032, 1.6525087034599744, 1.4308281387149788, 0.17430519233962327, 0.5796970592311932, 1.1830564492422837, 1.9836421002797182, 0.5265812304626454, 0.7543902124279969, 1.8760026111396038], [0.516508744647558, 0.6402645586741995, 1.988732932113718, 1.9062012279667182, 0.41916327113168683, 0.12461464540433376, 1.7309138435266687, 1.1638007225169527, 1.1978690811021908, 0.009009460262959124, 0.004406550451727442, 0.9918691296233757, 1.6008031340096422, 0.8403904970472942, 0.4399372190277928, 1.0137512768879873, 0.8932115224292272, 1.8218288486437253, 1.4106609528711502, 0.8441281052359564], [1.4685132924421906, 1.564747944592658, 1.8482369898030375, 1.8634394750575694, 1.604187582343927, 0.8225976992418085, 0.9475220415107479, 0.4017949030262351, 1.8543610325167292, 1.652448731635945, 0.4378232883300739, 1.5284616830420987, 0.3233583577628598, 1.978286506668278, 1.8158584342919208, 1.7762434510139402, 1.6040582690873808, 0.32449132133909786, 1.3926733141511844, 0.9654391018931334], [0.599112866337794, 0.7675156409334507, 1.478867669391509, 0.8832197887506925, 0.15529140942207342, 1.5652867196570646, 0.8505555748021494, 0.9297891805998975, 0.19039317499468233, 0.428973498463485, 0.20516124074569642, 0.4302200380879042, 0.06895137707290822, 1.2030294585823293, 0.6324256001593251, 1.2856902054997725, 1.8192777032516434, 0.15799122192081416, 0.11797801035485067, 1.4575858781901168], [0.13836509313399414, 1.4053964168231556, 0.24011896993126114, 0.9040711477220598, 1.438393922845808, 0.13865195787286178, 1.1530634705672433, 1.9543421558814569, 1.7464331087369653, 1.1198868462674079, 0.8351531091106819, 1.0242512346428134, 0.584805555029791, 1.322686903918565, 0.09023813037393835, 1.7050356406138907, 0.21280965208393976, 1.0661493356755358, 1.5583830018962788, 1.6423911766692398], [0.88885102637617, 1.9810412251881098, 1.818085840911327, 1.8503071207080946, 1.331610152578161, 0.48719362639903974, 0.8682553252735883, 1.2840292656330137, 1.6573642248350404, 1.1026179454271012, 0.867071314413157, 0.17403353986445125, 0.12826645087668287, 1.3887062773060428, 1.7737645877713213, 0.5191915065884873, 1.921655946488375, 0.8254674510409856, 1.0526046755196077, 1.8105359222453319], [1.507147032500948, 0.8909436631016461, 0.19029999776990691, 1.3354293940441875, 1.841896794465833, 0.947669255677321, 1.5694118865676523, 1.012562159984683, 1.249169862377404, 0.4549468146012521, 0.4774930761902605, 0.004575873746065495, 0.5745510287071205, 0.2640515966764736, 0.4467271954246743, 1.0605375481253267, 0.004153808088388278, 0.11808255000795276, 0.28489067886588604, 1.0800873847351387], [1.0163177575801996, 1.8322774620832938, 0.7256588448152503, 1.767128770523344, 0.7684897642948796, 0.22847497716747078, 1.4036570171355494, 0.688822515579814, 1.1100253651119942, 0.7624713824253964, 1.8478668985741138, 1.6250070350706134, 1.4657122704849348, 1.6270004910462281, 0.7691045341138218, 0.6685731366513776, 1.7900471037567882, 1.6362572045850419, 0.09038754443768271, 0.6374077902283002], [1.0357609578829978, 1.2604299519211695, 0.02641197061957934, 0.998108557050361, 1.441334554567852, 0.871026968053459, 1.3836905873729914, 0.06731273982859709, 1.1947123757255667, 1.2839254359275951, 0.8304036902744596, 1.8618723382519218, 0.1423001262311998, 1.0044422163084357, 0.8924791372830316, 1.701510527010275, 1.7921765505972576, 1.39447001058007, 0.4223691446225917, 1.9455728403670338], [1.2862181047611871, 0.7094852252514068, 0.8357941839207341, 0.3800262302121282, 1.5952098248573519, 0.9308164562131866, 1.095275014174071, 1.002856516128201, 1.9595604559445963, 0.752943172240113, 1.594823038216125, 0.6192965222105371, 0.11730785316003733, 0.8031464738967231, 0.23617199055293514, 1.6475720526719833, 1.2549912282282956, 0.1281450288408934, 1.0551191677780658, 1.245702977397243], [1.9926770576380866, 0.18530000189702833, 0.34436441999660294, 1.910413904542483, 1.8696471202864346, 1.0363529100588396, 1.7242952806865186, 1.371505507498797, 0.9448166358317558, 1.4057971502549964, 1.4549939060106079, 1.933026553088423, 1.3759583873804566, 0.02515488662706189, 1.4748311209029974, 1.1084021617050763, 1.488268146635198, 0.8130775982775023, 0.8955357618156081, 1.359808664138196], [0.38993929552673867, 1.3121514975656547, 0.9019243862352777, 0.493597349751004, 1.4478126511864413, 1.8904510094256621, 1.3835515546227732, 1.9895232922396047, 1.1275751820281514, 1.2277367587148131, 0.08204430639939253, 1.0992382675768249, 1.4176503103222624, 0.3162874148726076, 1.5668515411406676, 1.3721098527730031, 1.8772675884312011, 1.6585375598789012, 0.219420521908134, 1.306558637243505], [1.8714619529425602, 1.6775197971147147, 1.8348312417874941, 1.3573639487852642, 0.3987220804784124, 0.3279390648904321, 0.5784363990219188, 0.12118368859443196, 0.3883376158748286, 1.2389832916372179, 0.3179952297995452, 0.9930273143927546, 1.4547836233757103, 0.763291148989967, 1.7989702712696511, 1.5331691140712151, 1.5034534870713803, 0.9469264406097915, 0.3023161968967931, 0.9824360908781584]]}, {"bias": [[0.3857742892482574, 1.8970453279474895, 1.9474045922378878, 1.6018324104540267, 0.9749563182991932, 0.4978836355908549, 0.8302715837795438, 0.39699396882692173, 0.2436558180576498, 1.3008770895363198, 0.26736246265964536, 1.1937204422328984, 1.7711023033152236, 0.10516732003891494, 0.9146313618161099, 1.575599488649877, 0.8022191864366532, 0.8032885852755727, 0.6864820825382267, 1.825984308348686]],