{"file": "Ken", "index_in_population": 6, "sprite_height": 100, "population_number": 157, "color_name": "navajowhite4", "neural_net": {"hidden_layers": [{"bias": [[0.4966958151265619, 0.03388849282174666, 1.0503761421628424, 0.32805285289451414, 0.1812731441833455, 1.1384923617087153, 1.2587319717935437, 1.2024661507746306, 0.7745078170699713, 1.4381570123535181, 1.8747380833958118, 0.12709456479883618, 1.8582229964007377, 0.7120741087858176, 0.5661374687633911, 1.0650208661043303, 0.4278026654144591, 1.3611739008680346, 1.9442749413376081, 1.7590395952615543]], "weights": [[1.3288648183729472, 1.321355511720894, 0.818613473368971, 0.7699147472957453, 1.2992417531782228, 0.3408276014014626, 1.9244211218866807, 1.5150713070727184, 0.5043794649900526, 0.8773381778476703, 1.3883890989974979, 1.2031950874809911, 1.2771943048097554, 1.9844486679126365, 0.5159483620384007, 0.46003495975625697, 0.40678143244563225, 1.4562056653295474, 1.8438824823149234, 1.87894100122234], [1.2031744394433042, 0.8467066972004751, 0.6843574255935816, 0.7448050764031564, 1.8208391560629222, 0.2626077422345796, 1.3903688565317542, 0.4949192634633153, 0.24778744841337796, 0.6087464551768393, 1.5161163426841848, 1.2242129950202554, 1.267654642813768, 0.06947833823822847, 0.43359585993012395, 1.1849303050653952, 1.7220539670713269, 1.9689011001828118, 1.1668903543739793, 1.4909997258126775], [1.7626942775914403, 0.6775101348777395, 1.7933230602338257, 1.5320686853765157, 0.785778149812355, 1.280135125351428, 1.8550721722324433, 1.7156325386199904, 1.595970694619958, 0.7726618192220995, 0.31198341528181106, 1.2864116866737836, 0.5589426561760173, 0.19878715130379288, 1.3794312656834062, 0.019558150624016113, 1.7393952599764952, 0.48613442741224233, 0.11657909455774429, 1.0292773653000071], [0.587226371513307, 1.072426372881826, 0.8096782252126264, 0.042421424041515055, 1.5906575235339726, 1.150129014434991, 1.7049249211930548, 1.1434078577625275, 1.2002914545767374, 1.6748854263441908, 0.38026150295296035, 0.41090376326180045, 0.09955279692095909, 1.5611272422712534, 1.30929842040959, 1.4839295880512058, 0.11766287761703387, 0.0643351219393895, 1.711388112382924, 1.1421262062250686], [0.7325169017367543, 0.346290346494484, 1.1556341935512662, 0.7864928928863946, 1.4523281467584497, 0.7800035203231266, 1.7686908565719295, 1.6445101679355028, 0.13431159176949037, 1.4893626819210748, 0.25536416285930885, 0.47590892118584804, 0.5430566199369691, 1.6466724648874336, 0.5195061914131791, 1.6140260477822173, 1.8024606440536415, 1.1136770447585047, 1.9928247797858163, 1.9833261931511885], [1.814070832339593, 1.0209734480958694, 1.1440199251343093, 1.8992393684343623, 0.18286596913216413, 1.389226873277571, 0.8435655795755379, 0.721260653099266, 0.06758456556799608, 1.0366309126686346, 1.4751421389887176, 0.8688337400631547, 0.8406086763995988, 0.9251078323167312, 1.9734399813965209, 1.1522023641674333, 1.9152378553197247, 0.9392372624972196, 0.5416260977764704, 1.1677013469684758], [1.1953789224424456, 1.3922390522410553, 1.086483548323344, 0.9645751108280147, 1.0022934474371905, 1.9112213036661605, 1.5306059909139453, 1.711292782947065, 1.9546799226925513, 1.1910977351063292, 0.40497568751047, 0.7464785307108788, 0.8061645749301913, 1.341687363363961, 1.9946217634903562, 1.6252907579446245, 0.4111965404264706, 0.35830312194514513, 1.8777425818255686, 0.36121785363769754], [1.1152909328186282, 1.766171940140956, 1.0347001255767354, 1.8377881900038693, 1.7128742059445352, 0.3367471672965887, 0.9090952324254844, 1.9940707866637697, 1.000489755249096, 1.7298701247298922, 0.5167661700905775, 1.0646583814791932, 1.6997831755905217, 1.4543310782888388, 1.373786133641419, 1.2258963947604957, 0.3503753700770431, 0.6733357287314137, 1.0607955309405874, 0.4856659443555573], [1.328329858670366, 0.06785401408536385, 0.569833576088135, 0.023835428031042438, 1.6388908127804298, 0.7510237589294961, 1.0704646366047181, 0.515617994699614, 1.2457551002167218, 0.02619498949777932, 0.9324404930830938, 1.7437571671241026, 0.2994060889666712, 1.953375252114599, 0.21777104616674148, 0.9280285937971513, 0.5230587227248398, 1.6028904469528218, 1.892905457182278, 0.4844353355963684], [1.5506843754141242, 0.6856060945804194, 1.094443349183605, 1.9992784884768848, 1.0672603483276586, 1.4397577983747296, 1.2715451910990612, 1.0129891867646184, 0.4049355084785107, 0.6184348970955162, 1.4072434056221186, 0.39169154875648826, 1.8310658879746935, 1.6719091287507954, 1.1608376672219578, 1.4987914157493618, 1.4259056094273945, 0.33112975841754566, 1.279445418352617, 0.8415734962258128], [1.702905672304078, 0.9378219492019986, 0.8343260397737338, 0.06708350692270626, 0.705047151274518, 1.7174126545151833, 1.493466498730654, 0.7405685797074564, 0.9397562011169109, 1.1675054571218848, 1.3333254469376277, 0.49619707885191633, 1.901496053528074, 1.897479666121444, 1.2249439213002913, 1.529890073224227, 1.6433699233085448, 0.48420365476771443, 0.14288105276359064, 0.13488684750369528], [1.1096321700908303, 0.11874441412092196, 1.1241041618466998, 0.3167807157919844, 0.7784975636016704, 0.7935944378338917, 0.30398299756690395, 0.1320808558872233, 0.04941100010844823, 1.0627733422037107, 1.3844770984602093, 0.35309705318207185, 0.537004421659353, 0.9257600454363661, 1.5561880591792236, 0.018496718476369356, 1.581105549307174, 0.6219436708401347, 1.1661528133971462, 1.178544672968108], [1.1515891663624898, 0.3326311486366056, 0.5372799002379538, 1.2173476919103092, 0.201240252907968, 1.6302300406511185, 1.6784287657861865, 1.6028501716063062, 1.69323860830476, 0.22263047611983855, 1.0278739195856859, 1.245333570688163, 0.05162565290664234, 1.0171298653769671, 0.7726309647065117, 1.8051414494403983, 1.5916794885209347, 0.14582401276904244, 0.21729547833433838, 0.6555192326930082], [1.1653789724623824, 1.6120760352356718, 0.843006770861747, 1.409312432825901, 0.38097513751211864, 0.12139006215106396, 0.45805397055416, 1.6942577922039028, 0.8908695271795175, 0.7358362947986001, 1.8038707830041192, 0.6838101991192418, 0.6038418359015503, 1.8561288695407623, 1.3160303184135633, 1.6885460305479694, 0.18570838941487677, 1.9233182903250663, 0.8872604250695029, 0.9320401233265672], [0.8339002919097898, 0.17853414910657928, 0.7383931540355011, 0.8499882181532148, 0.08006362216231588, 1.1617117357185345, 1.72164435973142, 1.4688322323570784, 1.0139394179701584, 1.3209234005347108, 0.4198767551697413, 1.9432556700722867, 0.12445550485507506, 0.37283102338682883, 1.1854704687978646, 0.27452265312446866, 1.1078091138535158, 1.72528180101327, 1.2144397193730037, 0.7904785168339548], [1.469000405038395, 0.5661652428480586, 1.0796317043652701, 1.0385180338089377, 1.3186111140907881, 0.21279776097728598, 1.3675305947561056, 1.6389207536000805, 0.034477930783372246, 0.45445857581705495, 0.5111319555982705, 0.1285579322840802, 0.3323636800168559, 0.03531688062951566, 0.9859050318670888, 0.8110537641994489, 0.4519072958049135, 0.8322006732708211, 1.2723926961594099, 0.26802533247320426], [1.7581427874590487, 1.9801420500983358, 1.8683703301826091, 0.05240859881639737, 1.2732824007681574, 1.2327892583432463, 1.8206606428678143, 0.4138713284678526, 1.5980665423743246, 0.15476454579315524, 0.30518478773057, 1.440518058575157, 1.6984522620648943, 1.7296299874341166, 0.4247595253415344, 1.5759375485980025, 0.13690790833835687, 0.22837376196120296, 1.8461368716469588, 0.18636639052676696]]}, {"bias": [[0.8850128445863932, 0.8680421681501815, 0.4090745295742335, 1.1729160006682058, 0.20963239665805755, 1.9534271777749603, 0.5800189070958837, 0.10127701519275356, 1.7873242915735923, 0.31573457083752543, 0.5816638850210685, 0.7029559092943085, 0.17556792483340322, 0.48410660078350953, 0.9629958946822041, 0.5009314930544317, 0.07160613068026911, 0.5913575417240851, 1.365725175085014, 1.2517458699673718]],