{"file": "Ken", "index_in_population": 16, "sprite_height": 100, "population_number": 157, "color_name": "orange4", "neural_net": {"hidden_layers": [{"bias": [[0.9537132838185928, 0.47975906989902806, 0.590430849250254, 0.19564652485338896, 0.18439030783754373, 0.10920351663595695, 0.39535165070646394, 0.9826679024441678, 0.9524175796408956, 0.6033587144177056, 0.9571565875364018, 0.05108530833737168, 0.903269776869056, 0.6747495071305848, 0.7008342022367018, 0.470535690711291, 0.3010113876856152, 0.6071742099748184, 0.1108842528659123, 0.21460552119693033]], "weights": [[0.01834229940195853, 0.1792097141945802, 0.471340168483114, 0.36690428090432803, 0.9190011566748835, 0.1470029396080308, 0.5114432572165879, 0.9614762053479644, 0.02009526451081589, 0.6454241847705611, 0.8133995257816936, 0.5380546338590478, 0.32701772636248205, 0.6225030501377172, 0.09869675992891669, 0.16094621754296, 0.265582863183926, 0.3459832361327445, 0.44533468202890514, 0.3056519049895847], [0.7320461146187706, 0.3184249305226714, 0.3640520573170013, 0.33316021832788356, 0.882669400964407, 0.12361843583187793, 0.617866170418553, 0.2706645473506021, 0.9615510907635463, 0.6660177458152757, 0.6475671638672488, 0.4782923453045129, 0.109774151847154, 0.6803312939610782, 0.3175651679949667, 0.257456627027536, 0.022544846549650388, 0.6616886695402012, 0.877088921162939, 0.16263303450792133], [0.34941112557467924, 0.7315579852311127, 0.5163238093382024, 0.5432639677589273, 0.3843807503113217, 0.6633639194993987, 0.43126212978946954, 0.21374742314532025, 0.5874268996539116, 0.18936522723506555, 0.9479668978881569, 0.4439220956231863, 0.379114595233504, 0.4858074154971088, 0.5880637766083043, 0.10704709719852579, 0.38135777830442164, 0.13495012123331163, 0.42080051750380787, 0.21152568885281142], [0.8187610256146003, 0.42396019500141613, 0.8212510151480058, 0.8932109197371461, 0.5905360218512825, 0.5037892750059019, 0.06995009814888187, 0.17435896422252617, 0.9916127632360301, 0.19147817740605544, 0.8847004417087878, 0.7944802903367003, 0.5945426381280914, 0.3287861868139902, 0.45310535373009075, 0.579403272146113, 0.9706464915856298, 0.9724486463746893, 0.09264473772348458, 0.9213098211414266], [0.08593193972270696, 0.32818087285254516, 0.7134596267821581, 0.12541127173853728, 0.9555115346352058, 0.8676418355643148, 0.758495557659242, 0.25865583836200967, 0.5789327576743435, 0.7783997627931166, 0.6062983592443154, 0.8403023240728794, 0.5926394641634952, 0.09065341710770625, 0.15295389361719658, 0.42196485006002016, 0.26483453175403737, 0.9072590696882306, 0.027616893090636307, 0.48367714510970117], [0.11579094165614112, 0.131540805323494, 0.2967861627905525, 0.10504477049654759, 0.1724812486695515, 0.9601686022587858, 0.5589254787986442, 0.4027554276093085, 0.6143655144383657, 0.8131977846778897, 0.02048663524259131, 0.18222609950536417, 0.8955519656196704, 0.16505502026874663, 0.861822456661275, 0.3991712310746637, 0.8021561921978492, 0.27325383063142306, 0.18810350999456316, 0.5422285928262048], [0.3912877703053256, 0.10654132072181044, 0.30327606217762215, 0.6157536146691037, 0.06325681147798778, 0.2750346926936972, 0.8495603693981615, 0.154518802251306, 0.14108853858870507, 0.3886440159375121, 0.3185698943741426, 0.0633782890100707, 0.5220049748334384, 0.08163567198620081, 0.14703546388270017, 0.9116469430689532, 0.6804926879941787, 0.036641090882505, 0.5723658058902419, 0.10249577305111057], [0.34687374478529653, 0.9145516782114786, 0.37387401661330555, 0.5934180069686937, 0.12328649969769923, 0.4764048887172774, 0.49524155123195146, 0.5228497236451176, 0.17896261572892425, 0.6378091981676196, 0.8327608266555764, 0.6858418500499479, 0.6425874410440253, 0.7383120078730206, 0.8853157066342584, 0.893941191564583, 0.9244813069920322, 0.6114794858303964, 0.4725335189558246, 0.35351982018082906], [0.0967240451958985, 0.03465206661461695, 0.8199287337917222, 0.9875879381831539, 0.6026553318869724, 0.2512640291882513, 0.1338001434937891, 0.8838171672964034, 0.7880900160245069, 0.029611892205879786, 0.8280589107175276, 0.6442797048945986, 0.08521420322815221, 0.7601143752316653, 0.7335417529604559, 0.4403027509598608, 0.6984863064576883, 0.3251240287054904, 0.546858743091903, 0.8596693641593602], [0.7996587001134069, 0.0548698874572513, 0.9783424672261758, 0.7098052456646238, 0.9995531725466715, 0.964765268710624, 0.8031477506947488, 0.37235581516420335, 0.13696164333252725, 0.28388756699322537, 0.5788556383065967, 0.800184974029019, 0.9924799210516416, 0.5753177828347793, 0.395179610416871, 0.6108993107026207, 0.9007185981352313, 0.32594943658857034, 0.13692939531405124, 0.3874832294136582], [0.8071438569479084, 0.8383192949236365, 0.7564939951105295, 0.3652118139014011, 0.8900681438374738, 0.5624712841480871, 0.03903430838617983, 0.9922712727291273, 0.6384228334552138, 0.4832053825958542, 0.3532320205712216, 0.3031815581609578, 0.9018829277967684, 0.17748334439447722, 0.9512475809712827, 0.2655657810940846, 0.9843343706606157, 0.4133120838504257, 0.282927541612654, 0.018466997027337118], [0.4595471566504338, 0.9912619051345577, 0.9984674489712491, 0.634470322914749, 0.504856538145354, 0.09422451072944815, 0.8523410079093832, 0.5803139036299755, 0.634579869146305, 0.059961520892625075, 0.27318943811891105, 0.8224562108482335, 0.3884679654076748, 0.7108972860000882, 0.6153339116045111, 0.5512213369047932, 0.5110517914156517, 0.22189563939167478, 0.04269930530716404, 0.7945275929601299], [0.8409880276550762, 0.29860529099442124, 0.6539941149411247, 0.5280019106414158, 0.9167994127949368, 0.21611089895852353, 0.127707737925991, 0.08787910630663298, 0.32191343820745244, 0.7786807018289615, 0.28878975444693367, 0.5428263870463615, 0.8198432640330374, 0.979030466611521, 0.8885830305588079, 0.88788815186147, 0.04874373224720652, 0.03682550866008538, 0.38490133815983907, 0.25844674870128226], [0.07581263918479575, 0.14446226532846118, 0.5249582729971003, 0.7320259939801792, 0.40127727038707384, 0.3756791675410427, 0.5718851760728438, 0.1446511102578285, 0.6179694134540944, 0.8460538562114016, 0.9703207216931025, 0.230382306868808, 0.2798319313719504, 0.5687732590374855, 0.859506557464916, 0.6147808484492797, 0.14728769488761406, 0.8260819276098826, 0.6067236697762555, 0.40432975227015255], [0.7298740322704637, 0.2604189723541037, 0.6912866347676367, 0.5961758671535943, 0.45673343418211376, 0.36851745546281367, 0.6845408086571758, 0.7357528952870453, 0.7200853811471628, 0.15031021056312577, 0.18810028097160447, 0.9474512671545714, 0.8031327845595495, 0.18868584657045084, 0.5290100004076741, 0.5807610811734902, 0.39111805727836946, 0.04223560067730314, 0.6269551033264746, 0.48089281117691907], [0.3408814640794555, 0.8389873280242423, 0.7145501854334335, 0.434033722533667, 0.9863154170326575, 0.5435698693796275, 0.3070298819938929, 0.1946495705607001, 0.8616028554394197, 0.5890035026064276, 0.4557538716176588, 0.37254899505834804, 0.5149845389793413, 0.6634200422263846, 0.5011620899657573, 0.6459340422937387, 0.5987872314395803, 0.07150875805486445, 0.260582733068361, 0.48027628794727695], [0.3484524809759262, 0.06641985899209979, 0.44942045965437105, 0.513381018553839, 0.351027605714203, 0.06365753604632696, 0.9387964629299981, 0.9252927505026693, 0.7407488026796368, 0.40915610796549085, 0.7493400969241281, 0.3763005456017774, 0.5601124723577791, 0.7017308191158135, 0.31756624089737095, 0.9914541319121182, 0.9903660075449628, 0.17170351318864574, 0.5270436451485042, 0.3726979244919013]]}, {"bias": [[0.8534493914228535, 0.2566989747088664, 0.3577967917696633, 0.19896348284651721, 0.6916107878369389, 0.4848310317594806, 0.18762803405229178, 0.9363483605082994, 0.7667836573518887, 0.2131104406845481, 0.2398150966402065, 0.4891124790091478, 0.026250860115804575, 0.1314212796120804, 0.8862912262871382, 0.9356520879510152, 0.18391671761068806, 0.5776129631604512, 0.0404016717059793, 0.0006679038969531481]],