{"file": "Ken", "index_in_population": 14, "sprite_height": 100, "population_number": 157, "color_name": "white", "neural_net": {"hidden_layers": [{"bias": [[1.166818387234983, 0.05210999472152533, 0.4544329687254436, 0.43773068525572945, 0.7886532529517021, 1.0032818039340778, 1.2935052921329655, 1.906785709600283, 1.4702612002314863, 1.7235305232668414, 1.855069830953832, 1.4344862472695308, 1.085594395574201, 1.0322561731764965, 0.7292298856481385, 0.3771357523205594, 1.0975765793169758, 1.89396549448062, 1.4142075722704066, 0.616991095410903]], "weights": [[1.8280628008571664, 1.722466983598702, 1.1592384255340253, 1.8869587707388942, 0.36511442520425175, 1.0621823071963397, 1.172837848467862, 0.684502251784481, 0.07378688893012475, 0.6005506569015173, 0.13562036790518817, 1.533496956420825, 1.8952072770536676, 0.06729770719309025, 1.3273508344681415, 1.379986580703291, 0.505151921850165, 0.1549777407743258, 1.5288865006797399, 1.4924134539174876], [1.544527547254961, 1.263156249147326, 1.061725865313048, 1.8858145080510118, 0.4828107636160617, 0.12923932338454658, 1.9213733713213792, 1.3169008504489492, 1.0471778824479783, 1.5487349919442366, 0.9163257939806955, 1.5348787687583993, 1.7271353639053926, 1.3484930905462413, 0.3538158121963002, 0.28013487036951634, 1.107937717067902, 1.2195029129235477, 1.253883055513882, 1.7548267258282546], [0.7088159516019794, 0.8216136138505905, 1.29545547906875, 1.3088124135548618, 1.1638347402318399, 0.9083607830579945, 1.4796397479110468, 0.34574593470470805, 1.2286840271146555, 1.4850958641892018, 1.4624599972808496, 1.0717859881123395, 0.06894064213499784, 1.2517281685335624, 1.8610548748767244, 0.5729198777513755, 1.5000513688637895, 1.4833987622642093, 0.8987146907263748, 1.9928953762106638], [0.4822336800545759, 0.6913111457416372, 1.4054623059768685, 0.8186061332927581, 0.4945175174574721, 1.2417897723996525, 0.7336903045914196, 0.02276584196655773, 0.5573637203515593, 0.46128453185757556, 0.750761116455239, 0.6789611736755687, 1.7250947845301892, 1.2202809372252572, 0.15137407260522995, 0.22270887307548848, 1.9762493970480661, 0.20430507453497526, 1.106075317601393, 1.873014480204824], [1.2363442672971197, 1.6330235480096917, 1.8171014870085158, 1.8420621429288524, 1.9457154551660716, 0.5351216853367564, 0.568088210668352, 0.2800709264755965, 0.728320751068164, 0.6426135808720699, 1.7131947271319112, 1.1295228982577512, 1.1719303160555412, 0.381814709570395, 1.5259157008618636, 0.865354446053022, 1.487883649467934, 1.974950041826965, 0.4289720647031645, 0.03230079451070411], [1.4461628724636175, 0.3792350576649255, 1.3028458872743327, 1.6717157730797536, 1.151938775894296, 0.6761520153326857, 1.3829866415521612, 0.11582273597267312, 1.832062764999759, 0.511759970319283, 1.4450652034105451, 1.3439715227801576, 0.3491496743352307, 1.7414208812154148, 1.7769111070873869, 0.5970667410760497, 1.415635535980831, 0.4169250692397113, 0.46313751334976794, 0.03508763799719161], [0.8392485774490694, 0.5862573391245323, 0.3013637217188838, 0.8434382919395749, 1.94121572739704, 0.35638682957990153, 1.6205489440598528, 1.7594400918975583, 1.4846014060711217, 1.7195282423719154, 0.3436345506112466, 0.8303763448861925, 0.8530123841287218, 1.369678940292314, 0.11756494556134411, 0.34946326557571283, 0.10651742321316182, 1.2805629902822329, 0.15173324335480398, 1.8318233535858752], [0.4023427324683737, 0.5625038389881829, 0.3979031966965576, 1.211762987999506, 0.6786865598378533, 0.3978623792087206, 1.6947758274338465, 0.7081926905008376, 1.229509250242036, 0.9785044598207069, 1.041297131261208, 0.8405687336797563, 0.07815188146951546, 1.6965808075038635, 1.5096169619734314, 1.2877663672075892, 0.09426277691919838, 0.9371371980381633, 0.2783735962004137, 0.8939726970717805], [0.2103398531663896, 0.8858862711035986, 1.066709289289578, 1.1068353762616572, 0.15198051039971117, 0.9372166806407911, 1.8522044313421169, 0.9833092949119437, 0.7403728202126245, 1.693830102545678, 0.33338971978534193, 0.13461165075867454, 1.9897936324166015, 0.44565895828213664, 0.36922048008277697, 1.2031129599536419, 0.8066643877130366, 1.175618062539821, 0.8337648981068007, 1.9804146459138896], [0.4662702207738967, 1.4284427451558799, 1.9700160089118408, 1.0676335510185602, 1.3196752275015076, 0.6342870232535149, 1.5622979981588905, 0.39315435884766026, 0.08107790843806062, 0.3017958732613353, 1.1935401757597155, 1.9590078933362305, 1.3373455576644129, 1.3081370837433006, 1.2240422820931671, 0.01870469255718321, 0.16795221242007918, 0.15225620473082957, 1.6118860088128744, 1.2131676351147083], [0.6541674103510473, 0.906099815315611, 0.1477967769930224, 1.222010712799422, 1.57075018377979, 0.7382823397739575, 1.0645333734000384, 1.9507651442980114, 1.5424325430048116, 1.600274678378734, 1.1865534135690967, 0.7648799110669935, 1.435052139379517, 0.5068415968708653, 0.8795049683251643, 1.5318440703316274, 1.9693177531784287, 1.7645936947805811, 1.209940360218374, 1.9982676496157], [1.2053606638962184, 0.36203449742889005, 0.7782284292590638, 1.8223395159332818, 1.6446921043979745, 1.3970916966610052, 1.0041001790675355, 0.35757867561992485, 1.6585012912028054, 0.5294343399145427, 0.6507161080945103, 1.4292719046204017, 0.9167467300334207, 0.38941492651359555, 1.1014116092860815, 1.7431446128425925, 0.8624538080058621, 1.8276882580403622, 0.746069570895199, 1.2875368426495157], [0.5110973750255743, 0.6008810748403373, 1.0523993915699976, 0.08551621671188525, 1.246153605911156, 1.5340577510018616, 1.3178896574194783, 0.54368465078887, 1.3903281203860296, 1.1447931681765915, 1.5443971452394205, 0.04170047515544195, 0.7940041254669161, 1.189026202790752, 0.482204262874105, 1.7767146044486049, 0.9309523266143997, 1.8373671252355022, 1.5489480479904334, 1.833641918794226], [0.8644056706091998, 1.3699031783146618, 1.1441207513802854, 0.20001142194982835, 1.9406884646937754, 1.3186519830909722, 0.4669533573487994, 0.12040792631568187, 1.4587443363861816, 1.4724957845676807, 1.624375915733949, 1.2561504334216438, 1.7654014511539784, 0.7904409735603588, 1.4515038378393315, 1.2599205415089498, 1.3459962947435609, 1.9212442336517672, 1.2518042005956764, 0.5612147681363944], [1.527555008434056, 1.8467928000654548, 1.824635631246516, 1.9164888401902127, 0.63818980444594, 0.8546965014022225, 0.11310952768653348, 1.5930113910388193, 0.30788217188234746, 0.07008587678426381, 1.272406636961993, 1.7035203221515225, 1.813840989086869, 0.7930891913201552, 1.429580683597706, 1.3827834679529116, 1.9059569737602264, 0.7460531100095984, 0.8631549819763709, 0.18014409470659598], [1.5508158914494696, 0.6022139036879666, 0.4044384214571599, 1.3736737442418876, 1.868533850011386, 1.7306127646125837, 0.02560598719239726, 0.10710631031932372, 1.8971251947917236, 0.45690671431483665, 1.2817831725126212, 0.08152358992516628, 0.2827158218377879, 0.819787725519779, 1.8770351105803253, 1.6090399286170112, 1.5004733432952215, 1.8156584493346863, 0.285470835447289, 1.8592929787285537], [1.2492856206917005, 1.3265998056299417, 0.10155479447945726, 0.5604788240149472, 0.36313469622818473, 0.34873432061704257, 1.487924127092026, 1.2614906792361846, 0.014110816225542111, 1.0103906586220723, 0.9670433793946962, 1.8715548683636312, 1.481305019103347, 0.9164698049964526, 0.10132435956827535, 0.4820448220500755, 1.8879506107456678, 0.7467774677392396, 1.6431414459069134, 1.9256401428647625]]}, {"bias": [[1.6849924828210736, 1.6995994255250721, 1.4086020948740856, 0.7931076010870277, 0.6256872597462548, 1.4206307445339175, 1.0843929851733676, 0.6561815145117733, 1.7796719495263218, 1.0044457009198473, 0.530174060634744, 0.36410733929473404, 1.2362131426781444, 0.9302795438636104, 0.36319777656271857, 0.03869928979918469, 1.3144351512832624, 1.1570542731517184, 1.27540981763228, 1.3484277181798674]],