{"file": "Ken", "index_in_population": 13, "sprite_height": 100, "population_number": 157, "color_name": "honeydew4", "neural_net": {"hidden_layers": [{"bias": [[0.6988823151480468, 1.7563774582716916, 0.4139502750172275, 1.5991400282807735, 1.6291789828514414, 0.010097195989346996, 1.8780280821915538, 1.1771980509237994, 1.0815360343090363, 1.3193621009195002, 0.06329471252330632, 1.5337038627292194, 0.2774455614755098, 0.20154347945005724, 0.41712241344543743, 0.7693582116337427, 1.0403853960969967, 0.9232663199482603, 0.01126104849766807, 1.0768308201683976]], "weights": [[1.2209625939659992, 1.7940926042812662, 0.5073294652364049, 0.37146123608763015, 1.8427790017823613, 1.5746432160864674, 0.05807596938546422, 0.12742509752269338, 0.3701925371141781, 1.7170648441783336, 1.3978694392811088, 1.8547397090403512, 1.1676601618163018, 0.9596948583070948, 1.1409300193438545, 0.03161184054310229, 0.237073367226464, 0.7897282452484815, 0.016991805024408002, 0.1352113923205278], [0.8539539443811033, 1.8231500144455395, 1.3734525257956076, 0.8014572408370713, 0.22805817739456136, 0.41223825309293494, 1.4811935096103817, 0.4413737573267329, 1.2142208002503456, 0.08015961758983137, 1.7900280429980102, 1.7683300442632637, 0.013662830958185879, 1.6530623256697419, 0.8581996570005608, 0.030692666159788606, 1.8546251292053961, 1.4778518265574077, 0.6857942404711785, 0.570857610011035], [0.6875972969279542, 1.200908457784703, 0.858658050406127, 1.5876269818170006, 1.250682067741599, 1.4925715210411963, 1.3596619793888332, 0.7714686892760652, 1.09544493764509, 1.0953648153120779, 0.9755655011261899, 1.2293079438669166, 0.19882764587890067, 0.53159403851031, 1.5047553542415695, 1.6149094502404093, 1.964432830631222, 0.49945900594892767, 0.3523366279714748, 1.4555247471080908], [0.23064910352273804, 1.8682802139211436, 0.03628076552663595, 1.2825340652344728, 0.8375300923849243, 0.1629399150062989, 1.088624480138195, 0.09080173350336507, 0.8227708125174791, 0.5344766327070472, 1.8924044046473807, 0.15384314417139544, 1.1104310726920694, 0.5984352987495185, 0.5275119159639365, 0.4954012243949317, 0.19507486291524234, 0.9744569235629528, 1.3791823762131887, 0.6672254441754144], [1.1537525655424508, 0.6768777615123829, 0.02078981601752239, 1.004489438563253, 0.5581848466208983, 1.3984592693796085, 0.25830679720668726, 1.8068158907606575, 0.28255336198186276, 1.7610340571303302, 1.4944635671922375, 0.32211190968901615, 1.0733233310472865, 0.5006821141090307, 1.2970163600045514, 0.47114284072110535, 1.4850001021357582, 1.8454355825264748, 0.12538075681636696, 1.8216768581018763], [1.0588974960158284, 1.4474649360063605, 1.9683376886512594, 1.4997689504481133, 0.2890549026741196, 1.1160087711683806, 1.0991468704592409, 1.264975757988229, 0.414523233332559, 0.08469006737123697, 1.6571554276660934, 1.1517486972085853, 0.5965091473180169, 1.5644931801195792, 0.3685219632132586, 0.883116300671978, 0.3002617735519977, 1.745391190852209, 0.2988553732356265, 0.4113955456318181], [1.614095766410372, 1.665403443855393, 1.3116311094641073, 1.5031907527440174, 0.9872498078447425, 1.275363009068576, 1.1723257240950247, 0.6968334353582097, 0.0015443509619101903, 0.9373859915714777, 1.8738470972417782, 0.8320913581386762, 1.1786822322352988, 0.26798851424630343, 0.09676777235670442, 0.5541736253189888, 1.516923689235063, 0.7053225220802262, 1.4254690173250626, 0.0513374209059585], [1.3794563970332596, 0.200079268053162, 0.9234802942953915, 0.6709775089342531, 1.9910643728274744, 0.44691962402249796, 0.8774714674492716, 1.353440318864972, 0.7956089834667572, 0.6591524880520043, 0.16940445719856534, 0.016308075034622282, 0.42488003311510836, 1.4878457055257528, 0.12263031176728023, 0.4044021414037684, 1.119603001524898, 0.7496276873641661, 0.7996472696001102, 0.2983444010547851], [0.5118369298622529, 1.0621693795451106, 1.766473252851049, 1.9089565424680757, 1.9289514011238182, 1.6064479283226796, 1.4458529673565272, 0.6879002485326449, 1.1376469750589764, 0.2522242665419716, 1.4280418235420917, 1.7313788280796663, 0.5861139582425205, 1.948846145863304, 1.4624951148482628, 0.16780268229845485, 0.9944713909534113, 1.205494873685861, 1.60670047429744, 1.0566975662126628], [1.306396946371245, 1.8145428349284125, 0.9143717903086266, 1.9151758828906706, 1.4010643980283735, 0.43019419572317497, 1.728489827809598, 0.5956417800166032, 0.6983652731691747, 1.0134852208200207, 1.092796079632959, 1.2954363509894957, 0.27750489629267117, 0.9920387664988417, 0.21913525783958, 1.1668289484449497, 0.8779001918133862, 0.4738388260234905, 1.598810342215777, 1.9948836591628663], [1.8335874110003916, 1.4316346206764397, 0.763240068308763, 1.3780024705301632, 0.46047489029665045, 0.6851976797810329, 0.036387875929497104, 1.0158537698224581, 0.9876812079689696, 1.3788303114806701, 0.6194437316829804, 1.2611622645671507, 1.7789426934845474, 0.1610110446328512, 0.9825845958101445, 1.9661122705846894, 1.5642592409450844, 0.9984128666828527, 1.289548742041112, 1.8741935144530164], [0.5282602796746609, 1.797667229023857, 1.9655226451122103, 0.7572251952245901, 1.1455733545778017, 1.0119945043701932, 0.46333787404976157, 0.5576437435643631, 1.1082489721639435, 0.9211342093446326, 1.335100468000673, 0.5723137525527509, 1.046206466490632, 1.9302066933727964, 1.83428827657323, 0.1196994238705289, 0.5107036568652541, 0.4238458156324627, 1.4824716227307206, 0.47355117852229545], [0.7725176403700409, 0.6353458185662317, 0.19072544161005967, 1.3591552742157313, 0.7394870463423961, 0.9401174823224219, 1.6764643436532627, 1.2205986773721471, 0.7439284169028486, 1.009247269584532, 1.0956155800682492, 1.5531995058877053, 1.9708895616943094, 0.9371785251867306, 0.848867352202247, 0.10987332448270526, 1.5865461942947818, 0.04027072081774685, 1.3368250157294137, 0.27684310237689935], [1.6541648740128965, 1.2271774817856476, 1.5135839993157456, 0.30131158838067296, 0.5556597197248414, 1.3673863046275627, 0.20612466665020812, 0.5877142328727745, 0.48314849308462726, 0.8358684207291796, 1.8828622234716046, 1.017621829464805, 0.4436598604322324, 1.3280513848351536, 1.9569516101773534, 0.9577194156926183, 0.6338978204770656, 1.5613601762178664, 0.7028437836117989, 0.5523923789233058], [1.666477673518995, 1.0031695357725354, 0.807172712734147, 0.08082519268801924, 0.6081413922471688, 1.0192697868192029, 1.0940739395752095, 0.9366658545869044, 0.8799131654215542, 0.11092832988338386, 1.4350115005547803, 0.9644321335125676, 0.2938452082335157, 1.908769866384324, 1.9816596025680489, 0.11514464723382978, 1.821887329430136, 0.4659698016071656, 1.0521248907024734, 1.574495522902221], [1.3358307295416572, 1.838861472466571, 0.3840455158482463, 0.8163751353212108, 0.7826185411095965, 1.0350999572611495, 0.24301351102911628, 1.0855938573447508, 1.526170901247671, 0.646153349598547, 1.8964235708182122, 1.8231061009871137, 0.34068852374323133, 1.0466488201262774, 1.4609631881117973, 0.5704469271496504, 1.5762617184944994, 1.2797235260633923, 0.8996179524858336, 1.496719388721831], [1.585823289869845, 1.1138495525323768, 0.9471920780419096, 0.23494957820320228, 0.5031841853077323, 0.8262345746779662, 0.818561655956842, 0.20588353111588442, 1.7239266845847294, 0.48934726849317967, 1.7927924840589073, 0.39573365245694836, 0.15216099992042453, 1.1394158074264993, 0.897213555324772, 1.563196492439445, 1.1117512326422694, 0.40401145851859854, 1.6846625343702601, 0.9956547787182426]]}, {"bias": [[0.3779287015552444, 1.381766485645391, 1.4273613673462027, 1.8453392128571753, 0.9377164610978954, 1.2872841685960934, 0.03968503778427701, 1.2506629524209907, 1.120216576752468, 0.3825746600025215, 1.0059853027549424, 0.05038076016367521, 1.7494772627670565, 1.9455135212050325, 0.4318718528125687, 1.6923521601937357, 0.8162764041783162, 1.6717362838433634, 1.3929185629634835, 0.4414522844843747]],