{"file": "Ken", "index_in_population": 3, "sprite_height": 100, "population_number": 157, "color_name": "sapgreen", "neural_net": {"hidden_layers": [{"bias": [[0.6500896200442225, 0.9005873863503677, 0.18427433295204187, 0.2042907355486967, 0.6297256127520668, 0.31005576344511987, 0.3877924496425079, 0.7840236185013008, 0.7930223277215244, 0.9140668638030207, 0.03575822484276536, 0.2983367065510233, 0.8977499903802822, 0.7367321286988485, 0.564119502851869, 0.10523809677333062, 0.4858913529818788, 0.16662147169455777, 0.6935659784404345, 1.7740402909014124]], "weights": [[1.5102606321054584, 0.9190618688347258, 0.21066519023669983, 0.7114320336698987, 1.2243952373325557, 0.2519467178923027, 1.0070826010165455, 1.949923899994182, 1.5505577695071828, 1.694684522649156, 0.4228237753147872, 1.4304554769297768, 0.06496979516042178, 1.4119007468574738, 1.1543016444177152, 0.9765149376112778, 0.1215991079899379, 0.05231354838415747, 1.1507140615228877, 0.9611408954163216], [1.075118862942219, 0.13098035193034518, 0.052770286768029306, 0.5217848766237285, 0.49839688015506445, 0.6176605109299946, 0.4289963980433982, 1.278981054154759, 1.3097409015907018, 0.024827439533180673, 0.40562786063291334, 0.07807379467084541, 1.6579259721732957, 1.3237643584496535, 0.2222861980962645, 1.2776245807420337, 0.3939702074712361, 1.27609770837705, 0.675082732151022, 0.5231257780446243], [0.33237600934713996, 1.6880755052654381, 1.7239450734142638, 0.057963424873996416, 1.56660496241752, 0.7581075617422286, 1.7364407178474919, 0.7808562632047327, 0.8020767476073671, 1.774863394813354, 0.2014314068104075, 0.9200998063645873, 0.6425095747293124, 0.33469032411348043, 0.49177380708594987, 1.9936114353696441, 1.37917727474994, 1.9964512931823275, 0.6749826345058294, 1.0086660693182725], [0.8316727887199615, 0.4877241694132073, 0.25449718906254315, 0.44770392697296435, 1.3086105632262426, 0.33861349563099696, 1.5106839185270409, 1.9667430031888, 1.629735782218419, 1.136334506762592, 1.2561326969795232, 1.3980055752051586, 1.2381542041325526, 0.4912653899592101, 1.3721849410866565, 1.3280964714435417, 0.9427127521765106, 0.2902940602695532, 0.1424095409145456, 0.49446183117210496], [0.6373075698823896, 0.05318533077434129, 0.9828544824811536, 1.758433331056572, 0.06543338827774181, 0.025111456062704374, 0.48355001321393165, 1.422897814579794, 1.8069783086939208, 0.436100436246206, 0.7341978488992447, 1.7230700257621707, 0.06256712628089023, 1.402078048783091, 1.3871616600976944, 1.9086406077105134, 0.24179320948992733, 0.11843399070486393, 1.5225896096803568, 1.3692109014613065], [1.773689481457867, 1.5370891889603324, 0.18468068415290873, 0.6330124383260864, 0.8064525859146379, 1.2024192484722709, 1.0619212759623466, 0.20142851895202685, 0.18315232846063356, 0.8931542064466353, 0.9431738785952433, 0.8367925601166093, 1.3082457875182196, 0.2890894619837834, 0.9641659344352802, 1.3090062035987708, 0.7944326443981549, 1.452690126734721, 1.1853739231937621, 0.34204023959899943], [1.316661976755304, 1.101653553723116, 1.8474746051947863, 0.26437817412380893, 1.7144401413824084, 0.33864139235032, 1.510923840332182, 0.4795822402021732, 1.3343689466058604, 1.8837988261459477, 0.15535066716649104, 0.6148276090511271, 0.5057625472831304, 1.672115056260013, 1.7765305125597834, 0.07509567377621584, 1.6260134324250541, 0.22190381492499545, 0.6012066437293238, 1.3724047045736008], [0.02219159635518264, 0.13540432099624544, 0.28468382142168447, 0.734048363903238, 0.8730293902175801, 0.8855092479737572, 1.6791713391006908, 1.9134144367915575, 1.9827768544829956, 0.7367695849847742, 0.32198349756472666, 0.44428670156501027, 0.5625413527317373, 0.9895533860441617, 0.4468075370943969, 0.2865866718480812, 0.8241767593122025, 1.5975336791243224, 1.6030117282098302, 0.04478705093724589], [0.8794396277305603, 0.5700665545923784, 1.398777188806137, 0.08226020333894524, 0.12681611775215496, 1.8659279832429647, 1.7183740623620327, 0.19566750479470252, 0.39731121623633414, 0.24860209176284842, 1.7862087965625688, 1.998510028790641, 0.08066855893826119, 1.9586410927573668, 1.403440821795327, 0.3296902247707527, 0.4917145546687596, 1.5020881672915352, 0.4182448127353964, 0.3165134587733609], [0.05503440164433826, 0.06770973608532183, 1.7643868164106304, 1.5866276467845832, 0.2893283364007786, 0.5339287364461889, 0.9740503089750481, 1.0819129996661678, 1.5398858684797285, 1.0982350868011355, 0.7367409127548494, 1.9590078933362305, 1.4175266511798723, 1.2005852539842758, 1.232932177457031, 0.7157705521022639, 0.8671744641863222, 0.9655508901644423, 1.3777762328288636, 0.06699166217790387], [1.2060666086314398, 0.8490241942432233, 1.6807336370694854, 0.14746803914493412, 0.6652875681910344, 1.8884805630543267, 0.620010544630919, 0.231839327071528, 1.944968302404334, 0.027351703996348453, 1.5155224217712948, 0.45608183565868554, 1.6257646268260872, 1.3060228332779669, 0.8410680143755034, 1.0149558315453637, 1.1068585273656077, 0.1720314993174321, 0.46051207416059103, 0.7275970874769622], [1.9148258008082129, 1.493697427828539, 0.2204694918541994, 0.6149762370634109, 0.30183805026001, 0.36384346805566037, 1.8088640246877559, 1.9358999138573936, 1.6974478743546408, 0.4965667005524319, 0.6993941350317412, 1.3666930608977335, 1.8800558353424606, 1.2127344123151342, 1.201446590036918, 0.6685731366513776, 0.6061592947926802, 1.7754316369534586, 0.49018726501815313, 0.06033847853424246], [0.17912629501713417, 1.7880110082014196, 0.9696462001134059, 1.7470859505777792, 0.6082586410288213, 0.9147677248286878, 1.9851774915929499, 0.09677025701906494, 0.20488006596119357, 1.9310716981592095, 0.6152960525637774, 1.072486879328711, 0.6621005010933363, 1.5150239728766695, 1.7735503852679513, 0.5975120659789688, 1.9142215920135872, 0.02447121126184082, 1.632256163161681, 0.09664941468740862], [1.1728464114834813, 1.9903829523845438, 0.9175895573204262, 1.391801124163846, 1.573754715110205, 0.32394569302087306, 1.6593518935562448, 1.8597834213923259, 0.3795323133264674, 0.0831314202572846, 1.6070237612114944, 1.2334194340370441, 0.5301505188322155, 1.508574764826113, 1.9895611411546155, 1.0590833679488636, 1.493052433202873, 1.2882183651435182, 1.1448793707874627, 0.9344881335319919], [0.1544281726147274, 0.9554331119349633, 0.12224633100771687, 1.168091006820201, 1.0761609080302599, 1.4636050068784916, 1.8771910587820029, 0.9859276830952903, 1.9867632443393894, 1.6090746250944716, 0.9020063364250435, 1.2800340093830667, 0.8224252643928229, 0.8167741072919856, 1.6266207867173677, 1.5944669922018897, 0.5084384479305171, 0.2349118319580492, 1.0631302352805876, 0.6172514127719417], [0.2890976511335328, 0.22904719250694616, 0.8886665472798867, 1.177719827349125, 0.5035989373440306, 1.5512008046277324, 1.2678113586971633, 1.098909844202731, 0.9454267251373858, 1.1946245604576695, 0.12461993659869308, 0.754469198774455, 0.2678282972723267, 1.649294355375234, 1.1033466341409541, 0.5950911333968893, 1.1089284220609503, 0.03539622068934789, 1.535215533155105, 0.8165611572634883], [1.0855670499128764, 0.590048807063742, 1.770201894832745, 1.6619139215886185, 0.22634897056364145, 0.8427590525096098, 1.5853748902782483, 1.0872225185625797, 1.6933594054966945, 0.17480175783242702, 0.7745084966686999, 1.9884435314104836, 0.2177765758758876, 1.9056812921107518, 0.8188006627112754, 0.17040113478215457, 0.021542365977105238, 1.7323373062066454, 0.5389101606534756, 1.6218732289792963]]}, {"bias": [[0.7972405251460857, 0.5110169340184956, 1.4246788977191793, 1.095033504116274, 1.7006696997761332, 1.4413874583762292, 0.23299925696988621, 0.6897751423873377, 0.007576989129548517, 0.6386078617806121, 0.6544400311357805, 1.9792894438429152, 0.21555404190020666, 1.2308256364888008, 1.08102430913141, 0.5009314930544317, 1.0414063895017165, 0.07307610488894423, 0.5250188266679812, 0.35419816202406973]],