{"file": "Ken", "index_in_population": 8, "sprite_height": 100, "population_number": 157, "color_name": "ivory2", "neural_net": {"hidden_layers": [{"bias": [[0.7115771992273232, 1.55606870434296, 1.0499811400995094, 1.6972938928316466, 1.0815301323214774, 0.9509274268528491, 0.4245834701905735, 1.756099253103264, 0.8414320588962425, 0.05113719806849759, 0.8439893751098109, 1.5888634170084495, 0.49165290714479193, 1.7233922377565678, 0.4648685999594153, 0.722649312906634, 0.07524275069066477, 0.4466197793556357, 0.35598118956012614, 1.7590395952615543]], "weights": [[1.0181189191371833, 0.4485743868425742, 1.2341332674804302, 1.0636415506795045, 1.8451450773307085, 0.868361704509403, 0.7790367475445981, 0.6296024856498521, 1.0120456026849578, 1.341747402807464, 1.3427772304612948, 0.6346563102796192, 1.9114181944890247, 0.49755188254549054, 0.682609057306409, 0.7160727539085792, 0.31719934195519817, 1.4243227671327643, 1.013420620416174, 1.2675859315481912], [1.8639702673836518, 0.10207520636274658, 1.802795231085755, 1.5566761896505328, 0.8736936631483956, 1.6076423256358647, 1.3501511494644702, 0.18465067372197286, 1.492153685349722, 0.803023985460547, 1.685807092686995, 1.8303492533781607, 0.6101331484910759, 0.2926075306703011, 1.9934161264794932, 1.4867485813311616, 0.2578671124500771, 0.5710392183208004, 1.9316918380683015, 1.686820171328313], [1.195867156844883, 1.9291987445847352, 1.55949494211517, 1.701726004567604, 1.5938966440547064, 0.6893125399290136, 1.403749137090873, 1.9152444807731015, 1.0045496140491457, 1.2919693283655973, 1.513672668107888, 1.7536594618106405, 1.5949207329404471, 1.3121766044054062, 0.5483114638411521, 1.1334851323318504, 1.910722363194487, 0.2936833449397853, 0.8120681407319157, 0.3062731912452008], [0.4124490892536199, 1.7759772812215717, 1.2539989086143506, 0.02079661506954711, 1.8041642418514796, 0.7356449416527535, 1.9864522857940983, 1.683154957744463, 1.066674741607834, 1.1399188595857774, 0.09754377162219807, 0.6687025055436024, 1.5336587019051595, 1.4098189251662856, 0.5951331476367747, 0.7571327983547684, 0.28336954757016786, 0.35238224460949774, 0.6736644435863663, 1.3167457930365702], [1.5699273867048942, 0.6202085881738568, 0.016362602277852023, 1.9721131857555023, 1.3598880898260046, 1.672398253478321, 0.9319267277668508, 0.5452954376594037, 1.4903385657739265, 1.8893193370890744, 0.9042370364904413, 0.041080588031932264, 0.16891854153388874, 0.5957911784152516, 0.3224390416862257, 1.943780022821528, 1.361862509084158, 0.5865336487940571, 0.4257745553226644, 1.842862553979382], [0.3667633592791544, 1.374241205920938, 0.28778142665827766, 0.554509490687398, 1.5401280349402435, 0.16829385676709907, 1.623556353542624, 1.6849931726672798, 0.569067802536463, 1.253296960703999, 1.9504462528741409, 0.6100408790023506, 0.3144078767897456, 0.031812543246999114, 1.1843953513995742, 1.0315923667616644, 1.938053831012444, 1.9065518773238677, 0.7983747297261461, 1.5583252626110426], [0.1273368281138647, 1.6067380769690218, 0.9408734246727573, 0.1891636669586687, 1.1574239389175, 0.7063573362696409, 1.1740026480115417, 1.6308879792930766, 1.9278705852127003, 1.3059051742568208, 1.5974066554868933, 0.9818716691507723, 0.5220812212731336, 0.11155810929984278, 0.5821843503845863, 0.48129284473117373, 1.947919607428727, 0.9978362106939493, 1.8269361478992159, 0.038026930024714245], [0.6888106097986106, 0.04140093872041817, 1.2593666549094111, 0.6649561395698316, 0.7764078641071275, 1.765247268082467, 1.5870545523578428, 1.8093635934743717, 0.007340979802627823, 1.8060291700328113, 1.991066389790569, 1.837234153802841, 0.24557032979602167, 1.7075946825846524, 1.3371471879177632, 0.3954088659796453, 0.998283664496687, 1.5637598627646452, 1.905690512250898, 1.5450545791964803], [0.35892698000454426, 1.888863538959263, 0.964208883025923, 1.6301443931122048, 1.9580393021699805, 1.0230705912630156, 0.9323902100471126, 0.30003789748680254, 0.606134096138232, 0.09514608978287686, 1.8445440599417056, 1.1373605683207224, 1.0339779248820158, 1.6412099851404873, 1.55371911177246, 0.8868641258619114, 1.8643433497129915, 1.4059541040692352, 1.9715068966058256, 0.07544321020631894], [0.3385770079637114, 1.0926202252966515, 1.2515739352851936, 1.9076650868480023, 0.9830847138345271, 0.5704032517270479, 0.8670352909910344, 1.47310637354007, 1.1261314166606937, 1.7255464732260337, 1.509891915643407, 1.9548803851733907, 0.19465109497142352, 0.28579791999684456, 0.6961836575704023, 0.23436795290175505, 1.1698411558174646, 0.12024133145732452, 0.26817037856517456, 1.9045139216148663], [0.8215632224835676, 1.0279009014776943, 1.2190843673440135, 1.9465516174889619, 1.4603665179168703, 1.01408809313084, 0.4592560053778454, 0.998556081130126, 0.0798170996393115, 1.100462812343691, 1.959224762892967, 0.06876251786432896, 1.6443043229049956, 1.1053241323560243, 1.843452121879796, 1.893941594645874, 0.04829920540276822, 1.696409939257593, 0.6735714801417301, 0.9353570000652787], [0.27742783510512203, 1.8383478638397648, 0.33365049723342577, 1.277323207810688, 1.4836556689457068, 1.9002978044425427, 1.0858846179810555, 0.5304634387329883, 1.23918112229234, 0.5466131020956186, 0.9958953610378039, 1.9002747169385097, 0.23840922415748667, 0.43384250761673426, 0.16679235527095737, 1.3556057658305245, 0.9479849126371702, 0.21828383781464744, 0.8285721789134768, 0.16719520560364787], [0.43806056704480545, 0.24344188008949752, 1.7171503719927568, 1.6379678592958706, 1.0861522275144413, 1.8858761047720138, 0.37484202194400384, 0.8363757823905329, 1.4462734510145927, 0.43512032323067396, 0.7150296865584589, 0.07315315623263574, 0.07464942035212019, 1.9684453670964475, 1.4472424598266649, 0.20875215299510974, 0.8377492949284602, 0.8554244523989138, 1.7930494759765938, 0.039229393042520044], [1.2647758709802597, 0.8157944838766518, 0.2322693330456298, 0.9037253355967383, 1.5852688164869002, 0.2086409521687389, 0.06722112313686468, 1.1538662429908655, 0.8181444783655469, 1.545003204005905, 0.8297111877772296, 1.3160296158940554, 1.3225515742945342, 1.9168512785331422, 1.1993261564288467, 0.4104236901879479, 0.6439505244990966, 1.8600667716836923, 1.226830332035413, 0.7944821016369856], [0.8789511393417317, 0.9353301943727277, 0.7417258573391312, 1.8535045512922046, 0.11454203421035047, 1.8931470034968358, 1.4797024312966685, 1.4204803092744096, 1.0092337697797717, 1.8202635022301459, 0.9478859837547275, 0.8307891478446436, 1.8457800134911861, 0.05100667808841708, 1.0533738135676234, 0.9769833661920049, 0.220226264815351, 1.9338918086579389, 1.5968027213338487, 1.4591178654647858], [1.8625858105650408, 1.1878407208630033, 0.5232936294378285, 0.343765963114802, 0.4194022196212166, 1.6373915812500701, 0.5621309548497324, 1.1223408535445947, 1.9889802006082389, 1.4001519838814345, 1.4498180873980362, 0.7943393948114819, 1.2183318568011359, 0.29809201137863317, 0.33170904945686197, 1.5411815083216802, 1.0409099025261161, 1.0863433399806373, 0.17232018862356457, 1.315065689170878], [1.0783965767144434, 1.2425185973195187, 0.7431572162988092, 1.8906018260329973, 1.3304929670622312, 1.6510334130791737, 1.1340793239971136, 1.597750000076223, 1.4451304469827972, 0.9681299213314905, 0.7270295603609813, 1.178768718202992, 0.2206803855948236, 0.6175820394670433, 1.425256126952626, 1.700675963163889, 0.45156636544074247, 0.1278371781924046, 0.551769671587814, 1.5255135298157292]]}, {"bias": [[1.3300948100127483, 0.6882662757463727, 1.0515789131419504, 0.733324999946263, 0.059492699757686784, 1.9534271777749603, 1.3868613752381074, 0.5835846240344897, 1.400456226603669, 0.6824212132290062, 1.6231614049005627, 1.3472996087727365, 1.5374249394937867, 0.3298657812574648, 1.2176559331294283, 1.0201038728789693, 0.08170140634110212, 0.5913575417240851, 1.8172258261336025, 0.42444830125168065]],