{"file": "Ken", "index_in_population": 10, "sprite_height": 100, "population_number": 157, "color_name": "orangered1", "neural_net": {"hidden_layers": [{"bias": [[1.7816878505722245, 1.4153330618630668, 1.6204289530825793, 0.5941265023234332, 1.3183507781682866, 0.7102882841691913, 0.6881775408186508, 1.4947139547706803, 1.942772480272904, 1.3742045297815038, 1.8018166207961013, 1.7820325789816258, 0.6007887927542601, 0.7529361719436323, 0.17689913999276063, 0.5270128297914833, 0.8590490272784972, 0.4332209045563389, 0.02152785619380282, 1.3124548794038393]], "weights": [[0.3678409358766668, 0.7372411946889263, 0.7678092559374616, 1.4070340756127158, 0.6265267449596488, 1.2738753435239898, 0.09106718205904785, 0.028371020792878676, 1.6358038348510922, 1.910191733691888, 0.9069100978864024, 0.9010634312209924, 0.33188616358756806, 1.454670447682821, 1.0060757713589248, 0.43263016875101123, 1.0349542180048326, 1.0949121544114646, 1.7905206903224533, 0.8634785026044216], [1.3085436137513957, 1.1656155059027393, 0.712824450891163, 0.6785389952498695, 1.9952950671384326, 0.4310891234034073, 1.2783341682533258, 0.07155516912670512, 0.3313651490590963, 0.6077420163306084, 1.2093989120921773, 1.0641659932786764, 0.8273399666345023, 1.0800422683065072, 1.7460510187445346, 1.1180193096639701, 0.8428760642125903, 0.10839562948145587, 0.9430501915336502, 1.6386580101267352], [0.555622791377524, 1.3956473180328541, 0.1020771652185839, 1.1715323653603569, 1.4451188329282647, 0.2699554189362394, 1.198357717598178, 1.027521554642273, 1.8175132663684204, 1.7845953785554993, 0.993285801755861, 1.9901492871020354, 0.4676424208181462, 1.740397896634136, 0.31982296661160103, 0.029331758957664045, 0.8348788153868469, 1.451656935043573, 1.2584512330649151, 0.5939305538957629], [1.8850078924580214, 0.5250051728934388, 1.0599932572025448, 1.0107142790272354, 1.2320655898437902, 0.12173981036460657, 1.5736188320583446, 1.4440712099694428, 0.7111429663334261, 1.1485055075754513, 0.15138522242674002, 0.37426742848860917, 0.9443042964894071, 0.5939448872069584, 1.252854448548696, 0.22941067335957666, 0.5664597139167598, 1.1944504646253493, 1.60940391258639, 0.22146225094834748], [0.8513319648317679, 0.2936672963390141, 1.5646276911820076, 0.19627715992173012, 1.3005602941107341, 0.5930342980057903, 1.3608330750633697, 0.5839252954861618, 0.46247884522305016, 1.5500962274641663, 0.13702812489904326, 1.176528770517204, 0.6335593823693015, 1.1932413715503005, 0.6240477729221485, 0.2525985142011802, 0.24179320948992733, 1.0490856018952066, 0.32499718009527845, 1.5180213142426309], [0.7334715790414459, 1.5471585506096335, 0.10276964106700892, 1.7481331233745394, 0.25852797164907404, 0.6482914122169687, 0.6800349627585416, 0.3660550163481957, 1.869449522627792, 0.1023646099671105, 0.9604290584567219, 1.0845192930758205, 1.2850402577617248, 0.22377058055218235, 0.1485550033946057, 0.6803794889333328, 0.06879938190306079, 1.0579953393179562, 1.174397939397285, 0.9834006893332712], [1.6047009932384473, 1.2015708244604095, 1.6952573062827156, 0.09525388940801527, 1.9516474074624646, 0.9030280747820354, 1.9999228455165572, 0.9411906756611557, 0.7571013800173139, 1.4149292771789406, 0.39960275578753035, 1.1734950200072582, 1.2572899456268036, 0.4279401950131103, 0.8303833426117813, 0.026283585253227937, 1.1844317943539076, 1.3004458322742667, 1.1660913739482015, 1.3251776862736033], [1.213535484997104, 0.39577450192052877, 0.5778424307005963, 1.4412732387986602, 0.8232524700687545, 0.30300287849522833, 0.6885971029706048, 0.3289064047857375, 0.41971532609406625, 0.21655332040131192, 1.8289426441589172, 1.8719029484821452, 0.7780921521786595, 0.8903001372849233, 0.6208902732049271, 0.8400303122387336, 1.9750192176544414, 1.0661176028386636, 1.6263202228568518, 0.977239554802311], [0.7550128020579252, 0.4554355766566516, 1.8937715846496306, 0.8329234655083453, 1.5437297472710265, 0.30146088539517346, 1.7902546565436894, 0.17849162163354637, 1.078823749840476, 0.16121870159106622, 0.5945287081260469, 1.190306509626301, 0.08066855893826119, 0.3008010641664294, 0.24245953769462103, 0.21183952003970563, 0.4841987271295245, 1.6574488888479022, 1.1858546812035322, 1.0823184566470523], [0.12350171777402053, 0.44737423220394334, 1.468572559581633, 0.02735204142314429, 0.06550079036856693, 1.1763736236107016, 0.5561927467734151, 1.1655379212233137, 1.3593397388599062, 0.36379399615006847, 1.4622992544624152, 0.7403473688185944, 0.7430955731214508, 0.033718074325400416, 0.9762819607837072, 1.0028546939790282, 1.8325866989358832, 0.4044092063652982, 1.2754635309370195, 1.8053789951035306], [0.028907307762397583, 0.8936715604617829, 1.8252364560541945, 1.479837020126835, 1.472912733061223, 0.37633485786401866, 0.33832512483427624, 1.1662322569654648, 0.003926913544774369, 0.3867692886661185, 0.4459774026465453, 1.4756231232021817, 1.9448577961831877, 1.2967559983127988, 0.44983237325932857, 0.8386669801849087, 1.3392160916349143, 1.0830444722932187, 0.7027765364342085, 0.19922404430393326], [0.2878228052176053, 1.2458571518124832, 1.773735026728748, 1.5125326324002335, 0.8849195397634617, 0.0498408426336725, 0.2828198831676454, 0.2699948916655919, 0.8800110122437503, 1.3502903354810387, 1.0466463978268514, 1.710093117013605, 0.7860066098782468, 0.14250719520132282, 1.5895940491655935, 0.9074096038799948, 1.3729620862819467, 0.43594883916078575, 1.0852316550412109, 0.2650519391567303], [1.1339069193555202, 0.5079102297678673, 1.3731998168560475, 0.19577096665506044, 1.266428993664007, 0.4284025762678023, 0.026768916342359672, 1.5641332459314579, 0.14380847429155086, 0.16174387959123382, 1.6756475565242905, 1.3665731319899266, 0.8011899253037982, 0.9683521302338707, 1.9223825469420925, 1.000404856429841, 0.7521141607262694, 0.15971023188131972, 1.2670204640781273, 1.0939922483039617], [1.5538092225669322, 1.6636946200938874, 1.2571685029134056, 1.7650605341358494, 1.8943847814817056, 0.6923289588615722, 0.9182527969218752, 0.7853461403451334, 1.9178998903759477, 0.5924401959982428, 0.2937325413431162, 1.748115034823696, 1.3261100735805353, 1.946664777466051, 1.5444398665831747, 1.174818168994299, 0.45921786700715717, 0.5279428352423152, 1.7946462019803102, 1.1994670274129342], [0.6405148683390711, 0.8674929616052292, 0.26283914378239137, 1.599161543183284, 0.5717171528671159, 0.07071266928422282, 0.466149900325739, 1.5338781528332097, 0.9641135189024712, 0.2653583597407738, 0.2755369455621335, 0.17598267632124842, 1.9189818609644367, 1.6169636433113754, 1.9030945006776139, 0.7869282085367602, 1.7982813106476705, 1.8169295175889355, 1.9161511943537506, 0.9603951609875845], [1.2008747290510329, 1.5570072140928288, 0.6390784873630748, 0.039692402902478774, 0.8409886617125542, 1.883115305824068, 0.7509137131989303, 0.0732095673534916, 1.690794845325271, 0.06908330853055178, 0.9523475833057486, 0.6882029957633216, 1.4883710080342931, 0.8773349622813336, 0.6022778939173954, 1.0531560234056057, 0.19197187606182098, 1.1093730849918877, 1.8939955696579989, 0.390590212379039], [1.6719764057534012, 1.5653330043451241, 0.02788179340055219, 1.2541416155579328, 1.9495736848106002, 0.011452216044599117, 0.03407703824501196, 1.331419100683168, 1.6090913017615722, 1.3450229373019953, 1.5306522291301459, 0.22603344610322096, 1.8366634951758354, 0.31962691432071555, 1.36220271159101, 1.6792901109956073, 1.0022993161081297, 0.22571377588059005, 0.28439665200165654, 1.383269745447655]]}, {"bias": [[0.15038975480613348, 1.5920194625069843, 1.7199221722650873, 1.6304635539590744, 0.49283803622444067, 0.004755761376068701, 0.2447269614388472, 0.8412252729216758, 0.9839774252130811, 0.7236097772694263, 1.8777456004239266, 1.5976094973315258, 1.6983222037806434, 1.235103122430564, 0.25742588404211686, 1.7340071074377663, 1.0759096908732886, 0.8754286483588203, 1.8240394676399274, 1.0153438745735641]],