{"file": "Ken", "index_in_population": 9, "sprite_height": 100, "population_number": 157, "color_name": "chocolate", "neural_net": {"hidden_layers": [{"bias": [[0.13808029647123798, 0.005992373381622507, 0.571637829991996, 1.5730217866824219, 1.7757912161251737, 1.317828023119135, 1.8713432437615063, 0.4626209831823498, 0.05513438265853976, 1.0364230674676351, 1.6630964706423748, 0.6308156951365635, 1.9842078741083382, 0.2825593687707033, 1.220666978619394, 0.1308755200177063, 0.05125319800966799, 0.8438946649898913, 1.702973264067106, 1.5641985814711932]], "weights": [[0.712931193705068, 0.8688407543873933, 0.6855264378277, 0.00453840871167599, 1.4699254571446407, 0.4797448959953339, 0.49913711410350947, 0.8394811102188604, 1.3937082143811117, 1.8619558629930881, 1.3756371195590533, 1.521736047380983, 1.8542828409041323, 1.1215264949878576, 1.8962903468918215, 0.6399213924159841, 0.3460202110000028, 0.24990154870513948, 0.3859361868073701, 1.5503693379343872], [0.2620731174208786, 1.7020277102888812, 1.6315099106920814, 1.517944264028136, 0.6280520169820345, 1.4135806326486562, 1.8399267372611452, 1.380448841116633, 1.555007012455279, 1.4114816896159572, 1.9126141669051269, 0.12309984904787696, 1.2035703973228282, 1.2040192947311827, 1.8754805084049817, 1.5579269754800766, 0.7254480318038901, 1.6127648057724238, 1.6655712728165413, 0.062100399413627994], [1.9860691447598235, 1.7217982342950522, 1.0241771696901893, 1.5456509346879619, 0.9807023239769925, 1.1137383683641153, 0.579067316135027, 0.7162096644745353, 1.3977345246150032, 0.5610050307176786, 0.3706637425689203, 0.7187534386272258, 1.6788879984578842, 0.24172055110210255, 0.3980670911476949, 0.6686779136942445, 1.155022807708219, 0.6277407851640808, 1.1910551734313894, 1.5267026930437038], [0.8066101555598937, 0.5140249651867099, 0.833737222131054, 1.351398520645413, 0.7501552166785366, 0.22400021447845253, 0.7546927523272782, 1.9389974486810149, 1.400159941624488, 1.1639023029721853, 0.7903866357486506, 1.0637756016607103, 1.3680179077988832, 0.9475461789731836, 0.5878011315089351, 0.5826655059733374, 1.8968228546306636, 0.8811246498885903, 1.2475695118471903, 1.753040032903233], [0.985682295311235, 1.6564446996805509, 1.9199580333779949, 0.19140523047638003, 1.0578693144512563, 1.4345989843491065, 1.5769312697513282, 1.155864341967784, 0.6678479086772424, 0.05909565259889149, 1.0871793549801474, 1.0748249423911318, 0.8137853673951199, 0.27948037295727257, 0.9553417873514021, 0.15669262367026526, 0.218918428131478, 0.1831557574583944, 0.8055867366051432, 1.9582437200695417], [0.45327077413903427, 1.7224077182242463, 0.6058772748978525, 0.849577782913755, 1.9904758949824921, 0.023578798601705087, 0.4411748513905165, 0.7377205725911673, 0.2775750161167865, 1.77716618619872, 1.4337020122210664, 1.281484050439013, 1.7244258146959521, 1.9102093617544709, 1.102429893351441, 0.8646736013303651, 0.9586581633684372, 0.6167214618474308, 1.0385696032370915, 1.748409689836569], [0.4164652993602853, 0.9911962683723567, 0.4934183085472814, 1.633656812193594, 0.5953540874368017, 1.803804129675276, 1.9103163786211719, 0.9224755962694755, 1.40835663923897, 0.7546365959783916, 1.040797587397337, 1.865165624169145, 1.8405968281762626, 1.8133300143735218, 1.0562561937100754, 1.807161180745056, 1.260715191290271, 0.5590517112526596, 1.0919124345926607, 0.22670041684738695], [0.47944711014160246, 0.8226730371158322, 1.7735974326100858, 0.39455263433558496, 0.6649969845828065, 1.7454829654788877, 0.39935715352419865, 0.9415392124797073, 1.1126301275476245, 0.8579378475810009, 0.8766319835886855, 1.9963782110531458, 0.7487764448081538, 1.5954098358158535, 0.36400202751224087, 1.871567612252887, 0.31980402192800295, 1.9850671874660792, 1.8648788998369292, 1.9507425553534352], [1.9553569070356098, 1.4479286442061756, 0.41024134414409685, 1.1025739186322432, 1.6629758353779571, 1.547584549322379, 1.3646690227720641, 0.02967824140299191, 1.2120047230954345, 0.8172059392984419, 1.7741897644527613, 1.134948438994696, 0.09516900496823077, 1.7338791839614136, 1.5468155761711693, 0.3430485819196727, 0.95342528595201, 1.7667645840414228, 1.1981993254178043, 1.6092956761014572], [1.4642660916837789, 1.552726430381828, 0.11935217473780901, 0.7297158378922597, 1.7150922469781615, 0.565844557236096, 0.1351253171048119, 0.7110178192226306, 0.7399335101379256, 0.43919815414239594, 0.4663110452153143, 0.9170289913504976, 1.004297983988256, 1.845742985613254, 0.983025068624418, 1.0012990973004676, 0.7272960386853924, 0.9733170251877514, 0.21222674051325496, 1.7574067725714515], [0.11154476895799781, 0.030189845324580578, 1.4985518712076775, 1.4679368132009254, 1.154672656832641, 1.1598146007631525, 1.2412349690522082, 1.1791725311475192, 1.5248332592028584, 1.5726379145817684, 0.767691430786499, 0.5418542597837044, 0.8495987156658609, 1.4015234418337363, 1.7609119161396203, 0.9330827311829193, 1.3956671384942063, 1.1178409464182428, 0.9822782297101755, 0.5062364836299609], [1.2121603837484924, 0.7620972699919688, 0.07207680522002025, 1.8602812871380212, 0.8673697498713195, 1.481013706443785, 1.200142252871945, 0.9643589942135824, 0.11209471505246538, 0.37841131989276633, 0.03039659897573288, 0.44717409283895204, 0.20561891605075644, 0.618193326136554, 1.9072378261110476, 1.7265234914580727, 1.9277109520054907, 0.6371409770707317, 1.4700193932812258, 1.2807459266803731], [1.317906719756252, 0.5121211320592369, 0.6964106699755734, 0.9891595230917256, 0.6850877722563586, 1.8520385350775423, 1.631017213443398, 0.957679191241938, 0.38935578836630147, 0.1297861184036937, 0.17969788511068518, 1.924619350270589, 0.3591701224465502, 0.2894490086115984, 0.6876343170714878, 0.036510645216738746, 1.5146184239616869, 0.8536566845355529, 0.47730424367243907, 1.5976245540605418], [1.3479101140979697, 1.9891962933701732, 0.84197656037749, 1.8717149852637114, 1.1154965206930665, 1.7505021984956897, 0.7861549639287055, 1.7435012458063388, 1.3612095893814102, 1.5623372757812815, 1.223869128589603, 1.864815305278754, 0.8165351136161496, 1.5622446079942662, 1.5676514276444544, 1.0467554906298824, 1.159881400187026, 1.7093551984594533, 0.2586626970967174, 1.1452084735692762], [1.1979862400170256, 1.4424367026844152, 0.28464255414505946, 1.058004463243758, 1.4660968947994615, 0.4307762932208212, 0.8789487644944269, 1.7274290486048984, 1.7951660705289694, 0.9156420122723106, 1.8413059181141092, 1.3023906059623642, 1.528353753288555, 0.023903776181757097, 0.8169966591725146, 0.8651043214257328, 0.8051665957218805, 1.9697040015545562, 1.3558161850411505, 1.0362564940866428], [1.9113753916466578, 1.5690540345708697, 0.4040310853412006, 1.5202560790925264, 1.8238286022931698, 1.5735424590988123, 1.2961901910205234, 0.8649146217673414, 0.968376169887881, 0.6231032628361259, 1.1667407294776715, 0.1673574932380284, 0.9881921059939764, 0.9607156791537386, 0.5978788939083681, 0.47891567401966073, 1.5788835294015773, 0.49605477734108105, 0.4115919453643899, 0.1992534256586691], [0.10289952098737443, 0.00914177311500941, 0.3570126594448455, 1.3448728036355855, 0.9399308293361193, 1.4982562407738895, 0.6165921595102364, 1.7248247744608483, 1.533226423821327, 0.676146730299841, 1.0839288794625355, 0.9433961581052159, 0.3650352991059307, 1.2855803444766771, 1.142165375295954, 1.7576129515325514, 0.38566432490454683, 0.08699285863790607, 1.007944850928024, 1.9132897531606379]]}, {"bias": [[0.9985915320789409, 0.5986196517073235, 1.0810662665255546, 1.8127547095943217, 1.33519855787557, 1.4413874583762292, 1.2122049411193212, 0.9924040604796549, 0.08145838687716767, 1.0283658171451004, 1.3993822733558035, 1.3080796049112569, 0.44780836302827387, 0.8823530730547238, 0.4242026915367654, 1.2144483637375219, 1.5918884438983405, 1.9299529902817762, 0.27544287854275296, 0.7668205105203678]],