{"file": "Ken", "index_in_population": 17, "sprite_height": 100, "population_number": 157, "color_name": "olive", "neural_net": {"hidden_layers": [{"bias": [[0.7614563536173695, 0.589160139534781, 0.6645456110766965, 0.4408695523969397, 0.277271265857278, 0.18146431144235364, 0.34473456177143946, 0.9017398020361685, 0.3600245403403648, 0.15936449532973296, 0.3106467413620848, 0.04254025596162747, 0.48609921495450903, 0.7867160041095875, 0.4452499291438947, 0.1861820783986735, 0.15155221475001956, 0.8866954166103795, 0.7523581202181131, 0.8907561667318716]], "weights": [[0.4256203253208958, 0.9734035027802191, 0.783222277392463, 0.8693017298034047, 0.07754820089368064, 0.7649841649616409, 0.2965911177352525, 0.1990924734479781, 0.120772558841308, 0.4945042575179157, 0.8348440278346297, 0.05759192361764365, 0.07193194736453568, 0.48241384845007007, 0.14935297063291908, 0.8393700532376355, 0.502808666060278, 0.14032406799564145, 0.09138915312073714, 0.8658000179545213], [0.39792581698479224, 0.7012140587840534, 0.9605960671720082, 0.006616824201065907, 0.015063195094622173, 0.3687124389334052, 0.3759181006257307, 0.8781548500180111, 0.2202466353337751, 0.4647600257154024, 0.4846832182649814, 0.6739754627824482, 0.9387621222836352, 0.6842912257697731, 0.7563800888031074, 0.7374743662722397, 0.3898951722614148, 0.2940129904214509, 0.6913869944380368, 0.03074573543364234], [0.2939514545356875, 0.3402763239897668, 0.03919433809718198, 0.8920639753831118, 0.5145411972412954, 0.9761458478370734, 0.8339073560632561, 0.6643799089888696, 0.24161993884628674, 0.9812736920407615, 0.8557166092059162, 0.36755986230961313, 0.5639660545143763, 0.4759402312632812, 0.660887303092751, 0.1046495259627177, 0.3657740358135235, 0.11565549811988374, 0.46702553868045216, 0.23749288899429266], [0.4526432241144138, 0.46017433958416876, 0.39409173179946044, 0.5431221240706667, 0.23719461109234907, 0.7996003125348211, 0.9330198559134805, 0.8533205758458945, 0.8864607714287089, 0.3761341859436508, 0.6807094932527966, 0.3403196413022641, 0.21739779261753123, 0.07677032404462092, 0.944821741597117, 0.9373684618613287, 0.3049448359201462, 0.570171964713165, 0.429348342009077, 0.6494675682825789], [0.7907343797540505, 0.3264877285182528, 0.3912948447283642, 0.5825300828726383, 0.3379520911475581, 0.7424154375267332, 0.738350437593688, 0.16548918650009092, 0.6094770534097632, 0.09606806417718494, 0.056847257353928815, 0.43156649731401764, 0.07315916328172523, 0.6525150692136736, 0.6898646748224899, 0.5338893908960303, 0.695610526265571, 0.5121650252846195, 0.2821516337986152, 0.7961419609023576], [0.19750477145568512, 0.515870628421233, 0.15338712407584976, 0.06838736521066702, 0.7045438653797091, 0.23384357449303717, 0.5384150603608409, 0.9000361929471513, 0.15970912624670275, 0.4131919999622793, 0.8797786142706683, 0.540495262866252, 0.4788238200669447, 0.8463892641533575, 0.8168055160338679, 0.8947498234625294, 0.9987142316558112, 0.34728665447409657, 0.9412281403064844, 0.025888530475238092], [0.41099666525365686, 0.1947030042160406, 0.37136831016274585, 0.4206869740049586, 0.6611363077112257, 0.7073872931601176, 0.10709492822832378, 0.8557721405366959, 0.7535476555222137, 0.28680054290721446, 0.4612726180362272, 0.3473984833037277, 0.9224728520184713, 0.360475931974089, 0.06478087480886385, 0.3227951627460298, 0.5748130091818023, 0.6067322814803255, 0.9312773054419738, 0.8453011740549506], [0.5866857726971922, 0.19405694312710275, 0.08384312734275878, 0.25720540186235386, 0.7372148956954188, 0.9714357768535989, 0.9477640863602619, 0.6386072906943548, 0.5075859199761423, 0.6997935231075437, 0.9241494124231053, 0.706441586062123, 0.5123832252229474, 0.6431836075589243, 0.7506102005554348, 0.07152767321216524, 0.4940785111599435, 0.45712208305597735, 0.5311569016148231, 0.26890799844799007], [0.8255521001184173, 0.6424436961197687, 0.11106989812749091, 0.3653137831967779, 0.6950222293762927, 0.2773093947164704, 0.7445424570583865, 0.07186277461809121, 0.37962722295844664, 0.2375812049656434, 0.45618527339617887, 0.5526998979172317, 0.9456373449731971, 0.6598809836101329, 0.042282633021290206, 0.5488589111538277, 0.8749495088650077, 0.5176743449561473, 0.19175687392361818, 0.45950379567114963], [0.5279891711723411, 0.6357492479046332, 0.452334558479464, 0.6049316004448199, 0.06705626282323895, 0.4491053493685042, 0.8838446050253362, 0.21164644826858947, 0.5101924769263677, 0.7630352581965858, 0.48620255081049657, 0.9510318998549231, 0.8774204460617161, 0.4086413179367454, 0.5563587740250298, 0.7059992381846223, 0.8170657683800815, 0.03705823481791537, 0.12133253276378364, 0.2521232832089485], [0.10942716797654417, 0.6705546735629533, 0.11797742082313989, 0.9242814352417792, 0.9086448720903665, 0.35093651158311034, 0.7883620688774957, 0.29400762104010714, 0.06950253649261828, 0.7112762377240293, 0.6587621299840531, 0.29965130697579434, 0.8766421085805244, 0.8935949057009975, 0.675639116991311, 0.453605222980639, 0.6332159445119092, 0.773880701471634, 0.7075680241248217, 0.016227524036436014], [0.005927247067182839, 0.2523478035480623, 0.3503349114164155, 0.46504719952854834, 0.6424150694590467, 0.4858543575212553, 0.015512533302842524, 0.8037884810576487, 0.06968970662487683, 0.40502476952212296, 0.8482198691519721, 0.8024930522267014, 0.304168939598888, 0.0752318272268393, 0.01095737559501686, 0.03892176232230038, 0.3302166210811668, 0.6477514318848128, 0.0800538832178288, 0.35184036146546593], [0.7742103298270604, 0.5269247348755691, 0.1510979967685313, 0.738706048019866, 0.4849514558273862, 0.6949789251835382, 0.5710503766224869, 0.3843308253039476, 0.1952543922586134, 0.3787589442252397, 0.7092604884338637, 0.9886966540219206, 0.7003820394781727, 0.9121637193288561, 0.689433207128785, 0.938064696431386, 0.26331658589529894, 0.9375940261016105, 0.4159090722897182, 0.6249877233473671], [0.9551117777963213, 0.17037676676012115, 0.2525752063658251, 0.6864792299358558, 0.9396413709184952, 0.8760050402263398, 0.16164757449428446, 0.5768383621245948, 0.559879987598922, 0.5055107052582795, 0.08898983153003948, 0.9643592565812301, 0.35404018027592965, 0.5572772837725094, 0.9490945443389845, 0.5156463502649411, 0.9796952216159454, 0.6380407706502002, 0.5478719181648901, 0.06248894694464435], [0.2885556804618954, 0.4453873553392905, 0.35092918161544084, 0.03463422710831465, 0.9002236247437252, 0.6713898024739252, 0.2131075836737244, 0.39610095458282335, 0.05328906663433042, 0.3087159726260008, 0.05719416971692637, 0.9075264116653085, 0.11185216554279487, 0.43234444047314136, 0.6892772323736324, 0.37369715632145084, 0.15046477689227056, 0.6402394215933284, 0.31690253124728607, 0.0694844080213961], [0.06890768374546263, 0.22405475627415883, 0.21093351242951852, 0.3996258715379457, 0.9188193037258882, 0.14229280610168127, 0.3760649833982739, 0.3424399952612672, 0.8679143614825651, 0.2891318544377556, 0.36584696635499403, 0.35603171382235055, 0.5842922216982397, 0.36546212654043375, 0.8318896022266945, 0.7927866394251019, 0.10537703236043383, 0.5638571327960903, 0.5273295576980996, 0.9837468037995507], [0.7244425618899144, 0.07281423244827556, 0.4311466714472696, 0.4971108871110177, 0.14796488517105633, 0.9478180351618832, 0.7094191579487069, 0.9271634401240187, 0.5407090308468481, 0.958911449536827, 0.48596461821291304, 0.6822551698226107, 0.4437184525753155, 0.17458571886337237, 0.17805060921834037, 0.6361839311689703, 0.7378851371460085, 0.2277214584939785, 0.04679811044822679, 0.7160256496581212]]}, {"bias": [[0.8724226589565218, 0.8426173378470636, 0.42604020168202694, 0.6445968647299051, 0.09974667616382671, 0.11169154262410608, 0.8255625105753093, 0.32649393576194785, 0.5115838386386312, 0.20678756302999746, 0.9178736773523937, 0.14686303287871205, 0.6509734982084754, 0.05037746667096654, 0.07553264167530449, 0.39668070582299997, 0.7454697580840508, 0.22536894177161193, 0.15697348357779395, 0.7858614237541819]],