{"sprite_height": 100, "index_in_population": 0, "alt_color": "Clones/KenClone-230-150-204-", "sprite_width": 120, "color": [230, 150, 204], "population_number": 1, "file": "Ken", "neural_net": {"hidden_layers_length": 20, "output_length": 7, "hidden_layers": [{"bias": [[0.16422307376000322, 0.6927094594577667, 0.49533298049888175, 0.1792985380704214, 0.447332323609104, 0.18503116047346468, 0.4739674193333876, 0.5748769627201952, 0.7475773388264779, 0.21473714137403954, 0.24258483353746063, 0.6371458978039019, 0.7607412802456995, 0.37302149454603484, 0.5137216053191355, 0.9771544791571763, 0.0033182617194059683, 0.9132971768551114, 0.114374534806302, 0.5038978710416562]], "weights": [[0.04802283685117137, 0.35281478271825684, 0.302547728706541, 0.4089861236769786, 0.010073354251491473, 0.2989978540403988, 0.9716840623671901, 0.7194910702666755, 0.8145127452625897, 0.34009777213959547, 0.9683175533320806, 0.5841784174137412, 0.03205098429676689, 0.5586031714468391, 0.8312568781808634, 0.1632846423527109, 0.3028251932980436, 0.12101044281998585, 0.9137592840587075, 0.9864269814125398], [0.4509076756093523, 0.3550493400671978, 0.27742406836080247, 0.00022330495498923408, 0.09081050828451132, 0.3123772938632091, 0.65759414369483, 0.22405319929639733, 0.7242898159778518, 0.5659145835889511, 0.9599614138460933, 0.8231200108033623, 0.1761381419081749, 0.15004534088810706, 0.012427709970135092, 0.21297561385067332, 0.5822382995441868, 0.7722613608076458, 0.6920281635748634, 0.48488463545606], [0.6989038861141399, 0.540942778840187, 0.1931916479707554, 0.35967249189691164, 0.3157495433197698, 0.6619435247483142, 0.8777630825578502, 0.32153190564772827, 0.0536372736867875, 0.4084685258753773, 0.26280060960878837, 0.3767638796073811, 0.9068248876460963, 0.6941324948893065, 0.1578265141779318, 0.7188526497174985, 0.30113231784215555, 0.3403572686453369, 0.6582875349391647, 0.4097609318017603], [0.9312140864779179, 0.19437979708679154, 0.3911660937717236, 0.772680799847214, 0.6298643204788085, 0.7990333156725854, 0.16063883018916814, 0.65014393611058, 0.7339134432899561, 0.8571026656886037, 0.877566624431369, 0.10566201497248717, 0.10002150607920024, 0.5221263605640157, 0.38147415435931753, 0.14370604563948575, 0.7491756304337132, 0.20519300413086417, 0.5781964389159759, 0.4175842890487249], [0.5446222599010174, 0.0001660609194787943, 0.3552422688050314, 0.4023654765597632, 0.20248061883626411, 0.6822737399001435, 0.4543225966127119, 0.914298422279818, 0.15047279627674304, 0.9812376969958946, 0.6422748810147283, 0.41072390617631704, 0.8293933836902537, 0.23993766593281818, 0.8405068115212945, 0.07215947100512465, 0.1832703776204352, 0.0031779493455125207, 0.3163650810508132, 0.25428648236725526], [0.71826625677178, 0.32622325486613957, 0.6298704666653326, 0.7570042859409513, 0.3039275579117692, 0.19092853274228538, 0.3250821362974591, 0.5418632139306787, 0.3980343040248737, 0.034231516615200075, 0.5832817224975522, 0.8239843295167536, 0.4166476047827663, 0.7410834178559715, 0.9395964516789325, 0.6029054320614999, 0.9238512394448128, 0.14913836492154353, 0.9040954949280481, 0.7401722041076293], [0.5401905040452681, 0.7829558564879036, 0.01866549966326969, 0.7244490782669769, 0.974675958797025, 0.14132981713326165, 0.5207006657990099, 0.7545837980764145, 0.3312157378068874, 0.4280030007303697, 0.9904355870697186, 0.34198330387542375, 0.8318441837567124, 0.5497209491542235, 0.7393641307626537, 0.7549114412647621, 0.4434941475561649, 0.8497502647039901, 0.3010354621498158, 0.8655358982288146], [0.008849870849144126, 0.5061366742946235, 0.9871675440719606, 0.3755115240814272, 0.7753204980444202, 0.2187705652977393, 0.8438816118275156, 0.485066063012479, 0.9444166899474703, 0.9064644110667777, 0.41999937619512195, 0.4091940302835091, 0.9543171329261859, 0.32077158361163305, 0.42575743626570395, 0.8162500730494097, 0.04055215231414322, 0.16739427904560922, 0.5067138592576107, 0.5391419009789495], [0.2872716274384204, 0.23717476266528004, 0.2854668396341472, 0.7130148773504251, 0.6525069730825014, 0.4555167458534294, 0.959932636172078, 0.2190699501768819, 0.6602265490264454, 0.40880198125397316, 0.7430693285724119, 0.07681699331060932, 0.4374464813389566, 0.12856038547785764, 0.7117009737185489, 0.4913666428531821, 0.8175418469405394, 0.24986416203942097, 0.36736281970469953, 0.9852854694845881], [0.7102798993115278, 0.9059846356681318, 0.7910990778000974, 0.0826098224560663, 0.5070419229359656, 0.3701420116541009, 0.10228312074344126, 0.3141269983074215, 0.9089464395453491, 0.054460300400560824, 0.9468874620367618, 0.780328708454019, 0.3103685851968374, 0.481192502561405, 0.7302493975763402, 0.8533321453007751, 0.31540718667674517, 0.8502124007921297, 0.3464399343762289, 0.4494764006030354], [0.6700291952031305, 0.3014252039132964, 0.49497567081772, 0.1611180894254639, 0.6523249357591165, 0.9279133196333826, 0.6047825257538599, 0.8626217138854233, 0.04035169435674968, 0.18775031706456402, 0.933671454332908, 0.0988359303526829, 0.37969955743692485, 0.8877372087832976, 0.42472117223972217, 0.8573556078497804, 0.22226899113246767, 0.5201549677088579, 0.4034201608579364, 0.5809605312796531], [0.6836470487457807, 0.03179128616023141, 0.10562044926171688, 0.474636181275089, 0.8182096303325728, 0.953410108663948, 0.6676215673131415, 0.7749870947766668, 0.3819999885629377, 0.591359746790905, 0.766571278669315, 0.6213598267656972, 0.48310337819924065, 0.5038982154207574, 0.03268103886251783, 0.4900191405856281, 0.5482656085252543, 0.9823552866540263, 0.6166145057093427, 0.48352018984505785], [0.9873243028705171, 0.475653756825857, 0.8095125542013237, 0.06635966205901955, 0.29722300525784473, 0.47207517466498927, 0.005508684379363027, 0.08913575349237624, 0.5650119074311345, 0.5646430443533101, 0.5282506395543323, 0.7060033222445724, 0.30701403565912366, 0.15351169162455258, 0.3264922676917543, 0.5682966635502842, 0.23184590304450048, 0.6191293878088907, 0.9490642227437269, 0.07758882019055113], [0.4529347289388499, 0.8944006683590586, 0.6668475085375519, 0.18705533854275735, 0.07464357376036623, 0.385742501662509, 0.819959138370423, 0.047310496394778356, 0.26054586973084815, 0.9013258388138715, 0.7161424911753431, 0.5820131148037958, 0.49103496114287626, 0.3612564770599449, 0.5340832186198972, 0.6331166857578336, 0.9852482523214517, 0.27521290876460847, 0.7476203481385143, 0.7991694286387746], [0.8919704077978957, 0.7947242404720849, 0.2663693826001088, 0.9865841388490264, 0.6044471651564607, 0.04608747854900064, 0.24641986769994528, 0.6683399571990706, 0.7856637275242773, 0.5613296642813423, 0.4848587242484276, 0.14183844321856343, 0.3383232915479155, 0.7000274149059881, 0.5478059288502095, 0.3919459278660876, 0.5512032566452841, 0.7517952179158239, 0.35005440359293716, 0.03197464814705886], [0.02035438239839693, 0.8148367362606977, 0.1483190217212217, 0.19149826948917448, 0.9453093750766006, 0.6743823283091346, 0.6460611029852544, 0.23444032867310471, 0.3277977079353652, 0.24449524719542737, 0.9684891434273408, 0.4473503989570673, 0.20501546284931793, 0.4975528495917054, 0.6159078777152835, 0.3615012764328984, 0.4519883328108206, 0.27566217457449516, 0.18377281239164311, 0.07214457303608246], [0.35656283253755205, 0.9357967343341766, 0.506680412290494, 0.23110604852569216, 0.7035328238220482, 0.11201203900738499, 0.795573714247523, 0.9491993471566849, 0.03991478509934154, 0.9620596316155251, 0.5386750482383215, 0.424793139563841, 0.7184794905720073, 0.3375938150148664, 0.35632610652963403, 0.3589263486525648, 0.3402470220743301, 0.34398766067079667, 0.10132167800877545, 0.946934491662693]]}, {"bias": [[0.07468550174405197, 0.28022262414157195, 0.9990635201396205, 0.8721938567510631, 0.7983085653497173, 0.9241339436564964, 0.39326008382030464, 0.18528851475084596, 0.5433610238070703, 0.4153111771578041, 0.3324411528973198, 0.9217847893398963, 0.7436721901925328, 0.33801835815833314, 0.7948399570221282, 0.3681975542850019, 0.7952598701739573, 0.7367485543835429, 