{"alt_color": "Clones/KenClone-187-17-106-", "color": [187, 17, 106], "sprite_width": 120, "file": "Ken", "neural_net": {"output_length": 7, "input_length": 17, "nb_hidden_layers": 3, "hidden_layers_length": 20, "hidden_layers": [{"bias": [[1.3828873413843947, 1.6054948163490654, 0.7765933535108458, 1.8282659426317285, 1.6802968036653936, 0.5120760611063322, 0.142066507197248, 1.7407955564984092, 0.5284325160864014, 1.3832542113786863, 0.1065567678979753, 1.0231112973544514, 0.4283397966306175, 1.1365003957984374, 0.16128583646098438, 0.05104390858847685, 1.2319980468076597, 1.3371466820889517, 0.8341559136576686, 1.4464200890867525]], "weights": [[0.5825398034581459, 0.3688882612633868, 0.7735260484491069, 0.29105325703883467, 1.7985441327819134, 0.29979366204098845, 1.5156864867408981, 1.0627499954002753, 0.7517431175533706, 1.7270932488289952, 1.8222339491203337, 1.6762204638543128, 0.5498808635563315, 1.2466878804638142, 0.620963438357532, 1.8051774370590068, 1.0831898852746493, 1.27224960579359, 1.0941319504936273, 1.5374087073952065], [1.2516136016315003, 0.35397061619347503, 0.24949772610058063, 0.08196462227209489, 0.42628650712703586, 0.26877313083971766, 1.7084929483500677, 1.2778165039887495, 0.6436415661403576, 1.5243680052051207, 0.006232964476866831, 1.7354997052671972, 0.9323982471532295, 0.18561127414956857, 0.588729541355389, 1.2642124928771765, 1.9107222395567243, 0.7806833274113283, 1.350154392480916, 0.7873626394091777], [1.9436314401935997, 0.913551117935868, 1.456394032218756, 0.22166242401042147, 1.1309740706126383, 1.5012777891899722, 0.6665888497475105, 1.0793754742496968, 1.2775573615895286, 0.17410075944135506, 1.7424438665751014, 1.3469452437451634, 1.8863949620521998, 0.8147722221034981, 1.3676856072265677, 0.05950751629853612, 0.2545821672459292, 1.6377045748675443, 1.101307874976881, 0.5250581451236851], [1.9493019207940394, 1.2176412931935459, 0.3058149299769626, 1.4504590535100466, 1.4638474700699322, 1.6537840156177839, 0.25480617104283354, 1.674624287424252, 1.9762689195586403, 1.268235074839902, 1.1758345684566978, 0.5189931272344959, 1.0946382419848626, 0.9949327398975385, 1.6509146794435559, 1.3307276931418777, 1.122037868015931, 1.769919693521595, 0.45376038471506, 1.6621108625038383], [1.3789830939320993, 1.7251785164833575, 1.6368224186082283, 0.6325934120398145, 1.3397179823509278, 1.2859153097859788, 0.021686061906981635, 0.6556041786031672, 1.915994343921011, 0.06767995472405408, 0.6592476027099003, 1.5810360470242681, 0.2136568164762498, 0.4610763863458882, 1.3085666418478819, 0.1759865265699323, 0.997824727630374, 1.73790528307175, 0.2552693622641462, 0.6403380539656252], [1.427125401374373, 1.7571163235511353, 0.8866145556245866, 1.3252018380582706, 1.154587904968136, 0.21384113491140022, 1.2773737064753268, 0.16734797974788718, 0.6574664425472143, 1.0455277913780499, 0.21813140661429187, 1.6104068426114502, 1.7015960439100413, 1.2947920104869997, 1.5499607439819518, 1.8434797222702237, 0.2434666960880787, 1.3348889903804912, 0.06837902630374404, 1.619431319116182], [0.4503715041866474, 1.6812581510445663, 0.5312484004346818, 0.48290952166391654, 1.6957585843125955, 0.029421315838410678, 0.9602109523384421, 1.1694840367663573, 1.0586804046435379, 1.3629488503737237, 1.2945946158195467, 1.1408307559471926, 0.4420151357640931, 1.6665733052766885, 0.9801406763809102, 0.8271376391165157, 0.6859697748893434, 1.573608270755889, 1.4539317425554994, 1.7212791368220794], [0.16327184805090322, 0.9149474845031584, 1.9553770771417993, 1.728962351754494, 1.288308773332555, 0.8467794281080241, 0.9506402738554651, 1.5373391793483298, 1.318564622700187, 1.1595528667063022, 0.1552675275010933, 1.1098938038457853, 0.3344485459448543, 0.693335710451592, 0.3257500559953894, 0.7951906536914777, 1.5962274474748448, 1.0548093886245284, 1.6149653102261687, 1.724705892402246], [1.2412727781890163, 1.2761775270728493, 0.4048875535543377, 1.4341593322437438, 0.12917794938084737, 0.40253860794425944, 1.8380714079700757, 1.88163704900806, 1.9009031722668763, 1.0978760667821783, 1.5644448184364466, 1.3651786574138185, 0.5055222639674439, 1.2180623578458571, 0.0742038750658558, 0.08215946069496582, 1.4830852945234958, 1.307521382021071, 0.35119661634312194, 0.05598252635484391], [0.4203413609961293, 0.6754141965963745, 0.3791255408619367, 1.3154306886999494, 0.7713330582453524, 0.656409628292348, 0.8934301616200186, 1.256410670861776, 1.3395646536344532, 0.5546489599947697, 1.285165456826813, 1.731097984778434, 1.6789476891707924, 0.4594514484874779, 1.729220527417108, 1.1925480370160575, 0.8586025163174278, 0.42563564482430505, 1.8239703168137058, 1.7764612168649192], [0.7241690852394742, 1.4381611485969266, 1.706247360872322, 0.017433248537997326, 1.0722896433949887, 0.1450374159934138, 1.9055412678491284, 0.38363258118465127, 0.747797365499888, 0.6614571935372358, 1.3485505327253304, 1.7871830510486995, 1.8586277686733437, 1.4797573980880634, 1.310346225942525, 0.48123135234455017, 0.994015200696116, 1.6985816038725392, 1.1475734227518208, 0.3591607136816666], [1.703164421108954, 1.1666849376326929, 1.4423200640913525, 0.8056280658624537, 1.8264698402979704, 1.5847963115954473, 1.5336228295458505, 0.9848190863944859, 0.9293773314244533, 1.6771699976594114, 0.09685333426332621, 1.7257630964192132, 0.006297296113241924, 1.9983150656221886, 1.0249533551130237, 0.4833965546542398, 1.1900277143477125, 1.231215673674707, 0.4447552042667622, 1.1848232641536078], [1.6647767379563427, 0.10771885954484817, 1.2020331081890963, 0.4937209208448101, 1.5197478597810266, 1.5736175021634828, 0.9718064283380541, 0.6905101570859005, 1.719147098993094, 1.6865295600519201, 1.9621921040921804, 1.6726697246317068, 0.3487151594169977, 0.18657328736361944, 1.6302831524002204, 1.8615440120958686, 1.7962733096609922, 0.9251813809443161, 1.248509649162507, 1.7739959722357355], [0.40083421933974983, 1.4556861305262034, 0.15169794864392383, 0.2109970427752459, 1.9275536924761427, 0.35977384183360805, 0.7641489206070269, 0.9028980847596959, 0.7311371690861004, 0.6793520664620476, 0.24115172684439679, 1.8471536197504501, 0.31898030007295275, 0.7290569090326253, 0.27509690333194103, 1.9042386116757353, 1.560238849196228, 1.8885705159765007, 1.2391172116881124, 1.8510789583484972], [0.7026843094159623, 1.1755288932935024, 1.5091341566163807, 0.8313339656339214, 1.7616490583600586, 1.6186639046542584, 0.506866993686536, 1.2282856238600945, 1.7800425876565353, 0.43576654580842766, 0.5009821968680379, 1.5493853887555606, 0.5397943848641171, 1.481311040436929, 1.7687824778730268, 0.954948394413248, 1.2936811671157704, 0.17429204265020637, 1.2995978572729427, 0.35544882785051635], [1.6914717294811326, 0.962356111494413, 1.7663919897007858, 0.5397862273779073, 1.9094804658356066, 1.4709667619814553, 0.16290669023415427, 0.9027165973000353, 1.8660388289013599, 0.8803026174556763, 1.0729458197713242, 0.48060501252574217, 1.0056943231505548, 1.6023417650869836, 1.4353738836510705, 1.3219929010718698, 1.257542669021883, 0.6800533406268969, 1.693784469660963, 1.248921142853842], [0.542837602799308, 1.1042715620774648, 1.901550428753528, 0.9478783216068551, 1.3811006309040874, 0.4086140982823572, 0.30491261268049397, 0.44230953205906465, 1.1007356011467988, 1.3822189077320703, 1.2051182909010896, 1.9304918096072574, 0.5911939114903859, 1.7034631666379878, 1.3717011152264085, 0.07013779298197953, 1.9903918771608973, 0.8261341088183822, 1.9264750019739327, 1.1774015260375954]]}, {"bias": [[0.002238579407674024, 1.9842267902295434, 0.5996903414873991, 0.9438195778753005, 0.27665930076849565, 0.37622893628629095, 0.20561341726915328, 1.695871263940794, 0.6465948789805183, 1.4604765360096865, 0.4753550017632806, 0.16949152889148156, 1.5462473641382624, 1.2341786080014263, 1.9131486107988096, 0.43797676118865825, 0.9538163252029352, 1.905770987997058, 1.6860802902572896, 1.2998830960566314]],