{"sprite_height": 100, "index_in_population": 16, "color_name": "peachpuff3", "sprite_width": 120, "neural_net": {"hidden_layers_length": 20, "input_length": 17, "hidden_layers": [{"weights": [[0.789399012542249, 0.5995446390027259, 0.32096892993390236, 0.26692398198754663, 0.31487286595445285, 0.6808514192016857, 0.9194474879711068, 0.3737393423491252, 0.6374723815260368, 0.3752594778780173, 0.5221837020615351, 0.02704236975767005, 0.49673101479613047, 0.5052786081660553, 0.9114152692614583, 0.17335646275035577, 0.16488799017178712, 0.6237280681472556, 0.7647947450055723, 0.8245261089959302], [0.835255334887165, 0.26013132890069224, 0.30563259654246544, 0.7969186386679937, 0.3139739116566864, 0.4900574014142376, 0.2136534765807201, 0.9862512093597852, 0.38454086168152257, 0.016668452798759947, 0.499957764232555, 0.9431454302912597, 0.5336204094871677, 0.3252064706892275, 0.8815563282977009, 0.9344592498817336, 0.532900796451263, 0.8652467310696486, 0.1197288407498317, 0.24884384520210723], [0.8282350696487947, 0.16844112542809475, 0.08022980100079036, 0.620069864299752, 0.8709713646076829, 0.9242164241499643, 0.21843800421506188, 0.5019919203998208, 0.17444497585120988, 0.3764974907961416, 0.8651198161609254, 0.08114788611195789, 0.4739593182098193, 0.029998208152612338, 0.38945474497455723, 0.7101537432935656, 0.7644941950405041, 0.9425331968739575, 0.2233813770742149, 0.1861700347963824], [0.6673959885485662, 0.37174025317314896, 0.9400919014736466, 0.6177876744714366, 0.4307694523201694, 0.19021395619454873, 0.46042259086454196, 0.07220079113274325, 0.5078813114504994, 0.7845369283769229, 0.734230961212214, 0.8118368782002308, 0.8238391208942678, 0.9051317682774754, 0.038112875069999386, 0.019947630884885714, 0.13648763358048732, 0.49843816409419006, 0.9275094656138726, 0.016301048353974723], [0.4688514402271895, 0.6291132395760228, 0.7619573427081479, 0.17490553732003422, 0.9582813159992798, 0.30112216445234286, 0.995054389444197, 0.3015513837756697, 0.23322028993016064, 0.0554713162613687, 0.04932114334269733, 0.011716097675537274, 0.6385007432859893, 0.9906792896924391, 0.47756132698408316, 0.8650741494528165, 0.7474906717096793, 0.6700431182143839, 0.20090174363767999, 0.06145761535313865], [0.7866572496389336, 0.6615429844222311, 0.10548826305906434, 0.3816064480393965, 0.6908435554965329, 0.9145984747886521, 0.20822978483208965, 0.009649126191212942, 0.9537087159758288, 0.23508659147262767, 0.6682182135404494, 0.6605954562166921, 0.8220426697781378, 0.09387722678079258, 0.5808881733085309, 0.41155561220907844, 0.8360010355154154, 0.5744934925998901, 0.5343805842313646, 0.17488195602314494], [0.0008607903309597598, 0.1510046635582596, 0.23832769600812154, 0.22818940590301606, 0.16441199706987297, 0.8113051397777803, 0.656852399234189, 0.19614607828221253, 0.5215451430987833, 0.5288047857369017, 0.7472418508354322, 0.10153258491201456, 0.1565061645443746, 0.8438790576226508, 0.8179404458149431, 0.23079689358345545, 0.8587560342891097, 0.08698581877058809, 0.5905232973841809, 0.7850516136604778], [0.9180221484166866, 0.5445329111309626, 0.7798197745662083, 0.056332023952298416, 0.6533292480437705, 0.5569286196004366, 0.2109007851518716, 0.9425697621531485, 0.8526082067480876, 0.3143066035926949, 0.013860775599303987, 0.7784755476386535, 0.4611878502112542, 0.70070995839951, 0.9794526375327088, 0.32574970018964977, 0.07889228376226853, 0.08062672977907925, 0.6175601479628452, 0.687992139453122], [0.8361170157839072, 0.4900636788974462, 0.27617269722528026, 0.44439505615028096, 0.3549544632206708, 0.6584796402228571, 0.3265638708495072, 0.3253853862529984, 0.018495612510978865, 0.31456224339370986, 0.820226377899228, 0.9080949308857161, 0.8731856733982113, 0.6731361480473923, 0.8378089376237409, 0.028962427099300636, 0.008291394872403823, 0.13910403866928867, 0.7175805404026954, 0.7598413128478037], [0.04554020938114223, 0.08384971491613202, 0.4803310971704289, 0.40174916056818943, 0.42757321393635916, 0.057360265367894625, 0.11466540528297586, 0.8058723233087963, 0.6438683727053293, 0.523870650216723, 0.6588634341538863, 0.5527207664618128, 0.14005534064042113, 0.7215765380070054, 0.49045806288629323, 0.167268426100057, 0.5930518569167919, 0.22928763295840016, 0.07496429783587266, 0.2886239734828667], [0.10245735487572905, 0.4000991975559264, 0.5468515221240263, 0.10679377362436804, 0.8509566923880089, 0.9969138534568087, 0.6649230211281071, 0.657127624334891, 0.9885327221452245, 0.05858977795558462, 0.46092231164550945, 0.23607393582529612, 0.5645247466015122, 0.5380728738390943, 0.09429554896982595, 0.4682664691816253, 0.8365693796075984, 0.40196419244501413, 0.9850451024545239, 0.17036277065282757], [0.4475791281612629, 0.7005726589266715, 0.8424244784357725, 0.15327987756126238, 0.5238354912710574, 0.8236259389428606, 0.6574789093678682, 0.02903640280786668, 0.1855543103582572, 0.6089310918456887, 0.2401391554730048, 0.12192334521963766, 0.5480181481211492, 0.01854709670708843, 0.5439670764737937, 0.11111456974062217, 0.5715861422127083, 0.6396235970713801, 0.029165056295903935, 0.8628930624745362], [0.03621158637487043, 0.0816826873288572, 0.4502191647491235, 0.5161519144930472, 0.17218578521503802, 0.6872285718009504, 0.08925081013006608, 0.33416511249977954, 0.9612010842695087, 0.2798825992898205, 0.7955155256924283, 0.02295039288117573, 0.14713465493362332, 0.10724673467368195, 0.3709960240318011, 0.6470470510467287, 0.5002481895025866, 0.8736964780434002, 0.43163643241504435, 0.7389476513353147], [0.2530161690770345, 0.8237201685380414, 0.6903792722360048, 0.10590424045414171, 0.18710255384738694, 0.925285646812308, 0.22387614969238556, 0.9117220146735631, 0.968798858139741, 0.80595432442197, 0.13209557992726817, 0.21039083906394618, 0.9542544444884568, 0.43413525356192884, 0.5683454713909841, 0.5066689849913103, 0.8554165722934454, 0.2637563631771168, 0.22623288129661623, 0.9616735396313115], [0.9842001863587808, 0.624374599440131, 0.5594847064746853, 0.5324214852668054, 0.07982676450023973, 0.07875224808967374, 0.02507421376399488, 0.8272585451529392, 0.15461815061932582, 0.9717658581184228, 0.16723954872657842, 0.25188163598998037, 0.008249008088644927, 0.4776473035671859, 0.28085832309055303, 0.9733140176201085, 0.8070541219449259, 0.894435068512705, 0.40195220195175274, 0.6294429496162935], [0.8657709676789808, 0.02185938699884271, 0.23118619068105073, 0.7473199616858949, 0.27764844754362095, 0.26842267394508623, 0.13458176101287878, 0.38677465476256445, 0.4418126182476153, 0.00505131487168875, 0.5310248668446432, 0.4013678758395004, 0.5057387014847831, 0.6414151860299885, 0.16575269706217155, 0.9409477904138449, 0.3539998634887658, 0.5151976975287802, 0.7245559880378825, 0.21775677949068073], [0.6685927290137248, 0.5985953745566842, 0.5963729103913956, 0.7338498910623656, 0.9079044536157853, 0.005859025445854482, 0.7792124061431998, 0.7203826714704223, 0.4253932281015331, 0.8533369202616052, 0.2982073744388162, 0.5480165196021883, 0.4232690378209555, 0.4147003926433337, 0.6656117611633371, 0.5510748265645949, 0.6305238559722555, 0.8736160517720832, 0.4276129508579455, 0.2102157757786418]],