{"sprite_height": 100, "sprite_width": 120, "file": "Ken", "index_in_population": 4, "population_number": 7, "color_name": "beige", "neural_net": {"hidden_layers_length": 20, "hidden_layers": [{"weights": [[1.0499835388549927, -0.6386371187376874, 1.3825254850489723, -0.7855875103787033, 1.008851507298314, 1.9380224078361392, 0.5701946560924758, 1.8913236273187013, 1.5811366747395335, 1.1836013440716902, -0.36948908830081173, -0.67292424461546, -1.197813437438822, -1.3832192493339837, -1.2642291810222206, 0.7680766761448772, 0.7221544063577081, -1.6904711304728357, -1.815466161490301, -1.8416268123271697], [1.7789472022670858, 0.947125153003368, -1.6058375132757807, 0.43220398311811214, 1.9318751195047512, 1.7287566895894995, 1.99659809204607, -0.5507050260580972, 0.031118469798258275, 0.9561203883217244, 1.3842052177375574, 0.6430578073169557, 1.0495140050260527, 1.9901526854041474, 1.3622373899755487, 1.281859991502046, -0.8314175350316271, 1.698617428907871, -0.37632480064540186, -0.06736678533169904], [-1.6938564731584171, 1.5081991110932775, 0.49561905107510595, 0.17418682986465006, 1.8356941630677972, -1.399472413199565, -1.9416827267739727, -1.617044485104063, 0.21370608992272144, -1.1289001865301582, 0.4200339223611489, -0.6058741878059664, -0.21019507175284824, 1.175933413281856, -1.336486013145148, 0.009569657208611027, -0.6732600855964903, -1.8979851866656312, 0.08492096630025836, 0.7286400619698545], [1.4944865313983207, -0.21697870235603434, -0.21098576016516812, -1.708608741394487, -1.9204448431362025, -1.8976247105676922, 0.2841331705872161, -1.470097906243307, -1.3791451846577312, 0.15023883600433896, -0.983494860630183, -1.852593321944692, -0.9016932783436014, 0.4021039916764688, -0.10803653849603378, 0.9420819131749418, -1.348862934914441, 1.1742043679216572, -0.701421041380546, 0.44326120754818943], [-0.48625987666829884, 0.6632445076276872, -0.9190646148015604, -1.007385614956947, -1.9230193408226084, -1.3789014872555683, 0.6798553015923603, -0.21569990743350553, -0.29231845863337425, 0.6386623715799558, -0.04266899603071783, 0.830903159570906, 0.9779461472882827, 0.7325364535698244, -1.6346689627283961, 1.0396112562614186, 0.8703873525807646, 1.4995114313244295, 1.5091264560447324, -0.04378723512797844], [-1.9907403585648202, -1.996419722766753, -1.7596881939176607, -0.6400695015436031, 0.45785995263482926, 0.8094479279734417, -0.6977343088463805, 1.1504504714925052, 0.40352771842474056, -0.9461039851808732, -0.9453956698471346, -1.1947275735391396, -0.009481634539964201, -1.5053584517624197, 1.377563363094719, 1.6772730236097781, 0.2976010129642974, -0.15343628189451541, 0.5368181934926204, -0.7796719465732882], [-0.026175879044293193, 1.1706649036249925, 0.9004868644793778, -0.0384809071818033, -0.16923053646929986, 1.476596778207854, 1.8248836685676104, 0.04772176112987703, 0.5201334291946536, 1.097563210402599, -0.6872078176364216, -1.5265818349775344, -1.5466506265411373, 0.22870295810102892, 1.424556265402165, 0.18040248959241145, 0.4388067398873221, -0.548579470999333, -0.22864683509915018, -1.2735598505891046], [1.7852734641612873, 0.1689368914098326, -1.893856972496819, -1.4721649542701698, -0.2366897397998633, -0.2639017238541812, -0.15497179608047462, -1.9465988031757733, 1.590981876502351, 1.8050732820024384, 0.6309171864679559, 1.4449359769968004, -1.8095324349625925, -0.012033585917679002, 0.9854369793754647, -0.852412507797192, 1.5246315028249953, -1.1585324570444837, -1.32568499474907, -0.5349085642836688], [0.6983605860092563, 0.5790567213560025, -0.9506374413450294, -0.1847437346941807, 1.3772491812488061, 1.4228416884162103, 1.4172257140627873, 1.4275709426813052, -1.2662152738620351, -0.812587294003901, 1.525212406963313, 0.3597193471080322, 1.090736280786519, 1.0786323682232268, -1.9605310856669256, -0.45739685942331976, -1.5392631371061256, 1.362974064002969, 1.8179146589279949, -0.6671598836786399], [0.6592383575269452, 0.5990429512921533, 1.5690928842641827, -0.3935529923060983, 0.5092608119130606, -1.5160794111514182, -1.1754332450275258, 1.757469276671085, 0.39351287164046456, -1.1171572134428787, -1.938509533934019, 1.6478751165864973, 1.9635688736083443, -0.29020715758516236, 0.9086299052582452, -1.8745823197853095, -1.0838984133063674, -1.6234622397474854, -1.8470804797881533, -1.8630785436643307], [-0.6026973279044165, -0.5030266841318718, -1.5956241364132264, 1.0895966130425405, -1.8078874803517944, -1.238057398683721, -0.30307034862492266, 0.584591150402594, 0.8511998471600322, 0.6344176677544797, 0.9758629543697181, -0.13132592399110044, 1.4016384844028353, -1.0507710636934715, -0.4316670804368683, 0.0843280704779108, 0.054021701825686996, 1.544837756902513, -1.9237453129472732, 0.23229814886188782], [0.39702978617348794, 0.6986898679549385, -0.2498414961597213, -1.6854922121683211, 0.18967989178292788, 0.42806259319961626, 1.2166339883890371, 0.3270451411877908, 0.9395003758136582, -0.9504378492017889, -0.04049326363258432, -0.698621326310882, -1.9994989296349486, -0.19524248447609827, 0.7080498639367341, 0.5236023137611552, -1.1830805350890365, 0.2877162025986424, 0.6295283191261181, -0.7167022394214806], [-1.9645738802093446, 1.1082402846825863, 1.297977546570491, 0.9694852826794129, 1.0599822747604821, -1.685543335118517, -1.6122893492869026, -0.9495832708800429, -1.9857329983339373, -1.6374512161843824, -1.1309855846524055, -1.9288284636422413, 0.3197374105190267, 0.1389877089601903, 0.20848757290604025, 0.1709683798717423, 1.107582982014629, 0.5112100381130924, 1.4531042531559093, 0.8660541653531157], [0.4446541627478027, 0.5243438720593336, -0.8548815684375586, 0.73080625678744, 1.370730880845605, 0.13434029069907405, 0.5826031700767058, 1.4173590454573217, 1.7833929721178308, -1.0214365408026516, -1.9396329648450523, -0.566532604971425, 1.3781664665601823, -1.0701218436382036, 1.584480423247273, 0.8494492509115394, 1.6465378244290108, -1.4539924216324485, 0.8709566652127374, 1.675844062905365], [-1.652650816249578, 0.7746720354638308, -0.39461557076081943, 1.9607731971335736, 0.7315646683319756, 0.32479652850163765, 1.5089270902278948, -0.006604311712949507, -0.29237509226202896, -0.05321544854656546, 1.3059062942442057, 0.569051487885595, 0.9046189570746228, 0.6627712464978277, -1.9751773817192246, 1.1775693535029643, 1.4817789860313577, -0.18618429030338524, -1.7237143910324577, 1.7243424808432941], [-0.18392886351718385, -1.4596306308644502, 0.13956902546035854, -1.4418929836906038, 0.17809554515464665, 1.0522693547275073, -0.8533032244810563, -1.2901615757994982, 0.35304017758925355, 1.4436650548142627, 0.7907119140520282, -0.6130650005528895, -0.7212567513110848, 1.0081953787053717, -1.091022143929829, 1.796472853547355, -0.720557757673427, -1.9338941005606514, 1.9755052142148992, 1.3808751308725413], [1.4056827871548179, -0.041380954956328875, 1.9000484801755047, 0.9257966621626945, -0.39496823755920474, -0.39242945868523593, 1.1245521292834062, 0.25775442223644784, 1.8926676115542098, -1.9287152007183286, 1.8262231632322679, -0.1717096886928271, -0.2205691064553581, -0.031003637203574907, 1.714628923823497, 0.44414240191690135, -0.9002934878248179, -0.5555921769453844, 0.0840666142952542, -1.3012873532009692]],