{"sprite_height": 100, "sprite_width": 120, "file": "Ken", "index_in_population": 1, "population_number": 7, "color_name": "azure1", "neural_net": {"hidden_layers_length": 20, "hidden_layers": [{"weights": [[-0.9366808728888563, -1.2466545299265253, -1.6106572774873342, 1.7300813364478174, 1.896048563268577, -1.2166603656237949, 0.5093088869133, -0.664647385500778, -0.8420932719249405, 0.19338142893725507, 0.9272455944596607, 1.7810528821911222, 0.2837819696916495, -0.7772481690743049, 0.4030319280903103, -0.6768679216967377, -1.2512885529720816, -1.669310334493562, -1.0886656360000315, -1.9238005731563095], [-0.7164619193662833, 1.3994288395653225, -1.9155955180342437, 0.6464887037770208, -1.1632022616063002, 1.658252126928914, 1.1491699710099255, 0.9981908031179794, -1.9081469694226243, 0.8357246123418309, 1.833640240762651, 0.8599333039541985, 1.7386578205641783, -0.24420986728934002, 0.48024984093927214, -0.429774372287024, 1.5190492250676608, -1.0366792933369906, -1.1264082699337368, 1.5003829110364735], [1.6110897578549106, 0.42991117511284926, -0.5260757710561856, 0.19154378781207893, -1.2695837024126715, -1.2714136489114494, -1.053314327985858, -1.1585440003380936, -0.6535930368299177, -0.5716787085414641, 1.0936886636089476, 0.566838409886889, -1.4556027833983287, 1.700025008899933, -1.1794393009752708, 1.787804526241601, 0.2011384397492808, 0.05525327109709144, -0.28557770458774145, 0.047153007470547514], [0.23158845078235402, 0.9258011740319998, 1.494529119294706, 1.3772034146452627, 0.3808238379812421, 1.9442672370227108, -1.852232099062415, 1.7207247905419756, 0.6539570124555301, -1.375117584204466, 1.5063788358797834, -0.3077945155266746, 0.11006699177952495, 1.7681307406886448, 1.0196797193898801, -1.246895937637286, -1.778148494135268, 0.030125288183992627, 1.600686970585866, -0.02799947316885021], [-0.20980802653852493, -0.5726874391394756, -1.3865222428176018, 0.3726013322172239, -1.0133938725320268, 0.708537630225305, -0.36203580691531867, -1.3863570454039533, -0.3417279831866069, -0.06641315264879655, 1.316261592818495, -1.5032864630912077, 0.0506702497531375, -1.0791527067056572, -0.4743001811037235, 0.22358246979024532, 1.2736645018843062, 0.5622756053435167, 0.4050171774556319, -1.7070646477522349], [-0.30255910526218965, -1.0360469492545992, 1.8859281437762343, 0.09283166011693345, 1.9806703435905035, -0.5951296194634303, -1.9848335264914034, -1.90943011861668, 1.7940486891195966, -0.21160898178078424, -1.5231961373746365, 0.7492116524522512, -1.7036076886790856, -1.1935734318208584, 0.10916918931941622, 1.1979762478251255, 0.10020260632281719, 0.8284979945895037, 1.0206363506387026, 0.8599787570333302], [0.6696018775716679, -1.4886483229992153, -0.1823822577002021, 0.02896583644884787, -1.2968460034099718, 0.2954540986355241, -1.9596530211765084, 1.931953030793844, 0.7646733722550554, 1.0374611246456609, 0.4347270924083708, 1.7028400769979588, 1.2082366980809782, -0.2961383564612481, -0.460464704923397, -0.9508039846050305, 1.5531144351613504, -1.7960563261065117, -1.7208206362924368, -0.5893109973019439], [0.3783535179890669, -1.279097434637948, 0.3796978467474714, 1.1500375132146265, 1.5154446372012345, -0.8330598593556071, -0.007854182557748501, 1.5850819277926194, -0.6355797228949989, 1.3526897293111109, -0.2922932894009822, 0.9719983184672079, 1.9845158697390328, -1.4325709795939683, -1.2327612745838374, 0.4348883366834695, 1.748800205883684, -0.049741994673167866, 1.2496307924571175, -0.41504927066726793], [-0.7082864429279829, -1.6783096076510886, -1.8358626449307995, 1.378020133579187, 1.7354251206082782, -0.530249047932613, -1.4474319857393954, 0.47725944960982236, -0.6649703418900672, 0.6057291159658562, 1.3727787539183098, 0.6294635958898893, 1.143127034939229, -1.241565718474316, 0.41489566894669716, -1.9894816756068332, 0.9849118637748706, 1.0619653337564525, 1.8259759149576062, -1.9379231688367997], [1.5581632178366536, -0.6973822647036463, 1.2109805293020153, -1.9912276362158723, -1.872081832870987, -1.7163983481374303, 1.019293911791539, 1.3681483744904472, 1.43888383616037, 0.30026568286755984, -0.4279961468374771, 1.53130481505229, -0.18390232390839945, 0.9320564140679912, -0.2224524631426199, 0.7381944193330212, -0.5952628016966761, 1.4050521042800281, 1.0205347639479383, 1.851822788621298], [1.4981357951235572, -0.3897441766489993, 0.31937096163348677, -1.0965332406588577, -1.2081946281376439, 0.2378799845397528, 0.4489153183369057, -0.6151550215619395, 0.9915558032618947, -1.8706608791762789, -1.1817111852931612, 0.7461141626533032, -0.2696917823489273, 1.4964108961163758, -0.9607844081148667, 0.5644088848288207, 1.4514338728504348, 0.7417288487364249, 0.5894480576634709, 0.10102454267043814], [-1.6546207890835642, -0.07451102570124002, 1.904620547380135, 0.10223920681415732, 0.7414643155592664, 1.1237269517094424, 1.3883563517313133, 1.3912384992212186, 1.7859768902164097, -1.0166130859460365, -1.01070097313745, 1.4997050752472498, -1.469568708176224, -1.1677789392663107, 1.0189443190711742, 1.128094676772211, 1.348117793823409, -0.05388526248549441, 1.3144432742420116, 1.8328217800289508], [1.3359971410313025, -0.5516741194075321, 1.5942305334200464, 0.21638334805795667, 0.5567661307486151, -1.704005087035922, 0.984722843694227, -1.4134839849501808, 0.5190276755876226, 0.6886099557003993, 1.4002389842347118, -0.24297308943333196, 0.613513229843651, 0.4830457786800233, -1.5077870380191674, -0.5968143369095449, 0.5366079024568369, 1.1633821431529916, 0.9849698861732632, -1.1316299663343887], [1.98810926743203, 0.8103647496091497, 0.2121406439745659, -1.9827053393488123, 1.0957863790142572, 1.4952438461292208, -1.326564564071337, 0.6370946987242467, 0.9188972784326008, 0.9588222092260765, -1.4833518272698938, -0.4600125244853568, 0.3219787465570252, -0.28632338421735115, -0.04733323039538728, 0.16570655657406919, 1.0620538457639777, -0.6848309154085941, -0.19220052748039018, 1.1534637687373572], [-0.04036625367982838, 0.4153428711009588, 0.5582446661464564, -0.23863824052788551, 0.9650593487033317, 1.584717004001932, -1.3186512011706188, 0.8646685626701647, -0.41918958233703796, 0.36293440240298924, -0.13050579340973822, -0.9354023362774386, 0.013529177557378258, -0.10528540694682631, -1.3860448198492112, -1.5203638866224702, -1.6658501405349715, -1.3501506417965192, -0.29071175488033596, -0.5833255916358397], [0.2227448265684031, -0.04953723688467626, 1.643731728344755, 1.5646573073213665, -0.9181716237444646, -0.554065205889688, 0.8013663089232637, -1.0947527352744002, 1.5816391631797124, 1.5991113102036025, 0.6413713543818944, -0.9747283960463431, 0.2384226400514886, -0.8763919572741852, 0.31463626798745503, -0.3761529717608645, -1.028388565200343, 0.6531560238015768, -0.4198910117320014, -1.1011220804974209], [1.0330148821403617, 1.955745488544859, 0.4444371407744474, 0.2538154489061317, -1.5964495031121553, 1.1091622167559176, -0.30975381746681885, 0.3093301224201994, -1.9466207371810555, -1.9488346270907897, -1.0820595085813136, 1.5466285674652398, 1.5031874509934013, 0.017149673607211646, 1.445285915926474, 0.2164898426749402, 1.418957664180596, 0.4443673957076282, 1.8461322155880349, 1.4867996035552307]],