{"index_in_population": 3, "file": "Ken", "neural_net": {"output_length": 7, "hidden_layers_length": 20, "nb_hidden_layers": 3, "input_length": 17, "hidden_layers": [{"weights": [[0.5556419507325947, 0.35868130000184983, 0.661440454513271, 1.8597330238366807, 0.27453404395612124, 0.3669948122184348, 1.48982978671505, 1.8790707091518444, 0.6851857486819943, 1.733871026523506, 1.750653615685199, 0.10890246947605009, 1.9333026082619775, 1.8613165011510109, 0.1591965795953587, 0.15302676960164496, 0.5580878668455787, 0.21042037468247665, 1.7264081722402942, 0.5734257518815042], [0.3493467266338035, 0.27563450385672117, 1.1476749144302343, 0.6851489336584224, 1.092740919495174, 0.9908794104782761, 1.2063675692963116, 1.2864301418138788, 1.1622746836763518, 0.06905104952001939, 0.04115490079072748, 0.6814764215534272, 1.1620831794208617, 1.706231798405399, 0.2714717080634681, 1.1599301504861668, 0.8283529370803264, 1.345450981630845, 0.8019825395286877, 1.8588040457122752], [1.7585218205885256, 0.7131085138905919, 0.1207560986853291, 1.093545116252364, 1.996452121422408, 0.7309435795091497, 0.9091343884338066, 0.22995415148211062, 1.3137768580060725, 1.0880096517123041, 0.3734760921679732, 0.28550931710633254, 0.17735573057671128, 1.9143085968994693, 0.18243396838953552, 0.12206444874585465, 1.3150046801413773, 1.9025334764191513, 1.6531392009146024, 1.6924400137641962], [0.42555505273342153, 1.1432139856794072, 0.2895336459110529, 1.5276959772748178, 0.3460936458288275, 0.9053823464694661, 0.6277866596899919, 0.04067910894008042, 1.1580376964489618, 0.3935514329192489, 0.9039823599069594, 0.8017882878392026, 0.9880548741107669, 1.0201157208251306, 1.6789080078424135, 1.315395946194102, 0.7329323417585971, 0.13845705087394267, 0.03738459780289749, 0.7339276205302088], [1.1234888915842274, 1.856328001862728, 0.3773270450137185, 1.2209173448732913, 0.035078313798393435, 0.4976309274093724, 1.6439469829306366, 0.9912546080289528, 1.09900880911625, 1.1045497045687982, 1.2945061751145668, 0.5902926955897854, 0.02363241577922004, 0.5325525163469813, 1.9336737522268912, 0.5579367585838102, 0.8478679071866733, 1.2308450758001275, 0.17130967521130636, 0.16405156398617726], [0.5679646942631431, 1.0100197284874577, 1.4514302364316256, 1.846411365140248, 0.17308217775206147, 1.5818451138330722, 1.69717624645523, 0.6272984086740625, 1.7855580326695797, 0.897157921142943, 1.2880076038199952, 0.20584484233287492, 0.9543383973029873, 0.5263232320107216, 1.6222620695937244, 1.0088347223547232, 0.7458764696189151, 0.8528367834719202, 0.6708170969708975, 1.221118714116625], [0.7040376902985552, 0.14377653762662224, 1.9362704762134721, 0.7721629424318541, 0.8890947583366626, 1.6670129689250075, 1.5926353303196792, 0.30375374787510734, 0.05756165576229422, 1.2592019870994502, 1.3777132747480878, 1.8804330520758128, 1.011477870881554, 1.2019973022498909, 0.6284125440449284, 0.24217293597485767, 0.47878853626160733, 0.3605524943786027, 1.3855790686157956, 0.7980764310219695], [0.9239284987466305, 0.755928415452632, 1.4349491121386406, 0.4946641528599962, 0.7088955923547882, 1.6358247666100845, 1.9427450109414972, 1.8333018759556952, 1.0196013641897237, 1.5493446215438278, 1.2129632098593868, 1.6070027961368878, 1.0386497185900887, 1.0302774209171643, 1.2494272337741046, 1.353670887506042, 0.5714965034700146, 1.4529509335218473, 1.9241355354256509, 0.2169542904535109], [1.9768878275115962, 1.1734991438682014, 1.1213288445396927, 1.2484505238264487, 0.6352294400015437, 1.8291280036258473, 1.4991682810111875, 0.3246112377405732, 1.1492867214515858, 0.7035749067267838, 1.22082510832957, 1.3786425675467142, 0.49036813412023705, 1.6833164597726298, 1.0320981219393885, 0.5348472774131094, 0.13589397740188702, 0.11258869653993797, 0.6699464814518121, 0.874878919585392], [0.3331049459139409, 0.38327304337867485, 0.9576122396964573, 0.8565844490083148, 0.1529714796397994, 0.7064135854211088, 0.7645766793337061, 0.8461391492817851, 0.053915302729048875, 0.5462485771473199, 0.4632801648649618, 0.4661590875490139, 0.31982702759432435, 0.49358560959263376, 0.8391844082180366, 0.9190889275003913, 0.25650968278245523, 0.7936631730853557, 0.6576566048212087, 0.10994265294428807], [0.23424709171796743, 0.7947923296317081, 0.9557782845485524, 0.9437196194742871, 0.9360160773015399, 0.030833442424744173, 0.27510243487852626, 0.5675689968440877, 0.28468675300999735, 0.23231424167500714, 0.5827300340368207, 0.3160920919823903, 0.12286661908156282, 0.8429465418227602, 0.19655018974605531, 0.7034373463080354, 0.8915587390143935, 0.010710522673530787, 0.202186404203632, 0.3932160245567299], [0.6738285752571009, 0.865995508504916, 0.3709823212713377, 0.6034000631937152, 0.7789043641845864, 0.8871905841127182, 0.9232910598866535, 0.33563983519026097, 0.19729009467453096, 0.27752937274265144, 0.8552252483317327, 0.07125918373739948, 0.06555552231444217, 1.2903096388745736, 0.6874910309842415, 1.9880137924950023, 0.6555184595896784, 0.2680131839587876, 0.20360090582235157, 0.7931162613937266], [0.7440313203613242, 0.026139169263793338, 1.6866231132002427, 0.10930017550794813, 1.8412324145279495, 1.4729357228937165, 0.5951243346562132, 0.4048979131811761, 0.28016795539418005, 0.5281747809432713, 0.6891909303444836, 0.03697910467314469, 0.3224014564822706, 0.18183026892956655, 1.7653118294627688, 0.39933411688830756, 0.284476376818378, 1.0500309481581735, 0.6506709534391808, 1.0208764717492138], [0.42476881333850924, 0.3972215659760834, 1.741711449107267, 1.4914572411120413, 0.6558660978859372, 0.5226276208760532, 0.19739132036202944, 1.5549561435116572, 0.5278217498153075, 1.9723505162773567, 0.4212181685031724, 0.4821790775478476, 0.673825577657128, 0.12318638731586606, 1.428191213373972, 0.07320521660063006, 1.0364032850978342, 1.929993583269685, 0.45650884589497087, 1.7500027847325699], [0.4351228236549367, 0.3688656541573143, 1.0391373193695626, 1.1072957652293645, 1.9284800634836852, 1.5056695302706764, 1.2638123161436943, 0.6033614287607985, 0.4961949250609692, 0.8623925448364329, 0.8221267432468977, 1.8526694913852448, 0.5070651136190403, 0.4015240647976728, 0.18523402057513527, 0.5287634386683897, 0.7422462126664753, 0.43939031248747096, 0.31827461862111583, 0.4685527737204431], [0.8059701466464828, 1.1295468225464596, 0.4401608685591847, 1.9485707268435557, 1.3854578727371596, 0.5462434339992575, 0.295975936948375, 0.8991581959503865, 0.7425233073568993, 1.6660901785744024, 0.31700749079980484, 1.930223571249637, 1.2768650418211769, 0.8774291346018219, 1.6503675162254674, 0.3412260325314833, 1.2251484702935354, 1.0504075284965704, 1.7988054982876733, 0.6156315099663943], [1.486514937811519, 0.15101547342229837, 1.856834714668219, 0.9548139144541878, 0.7950045026442158, 1.4441659699736231, 1.977972381763142, 1.9044683571758805, 0.44372102390027535, 0.5437331395559595, 1.5765723774300124, 1.6962439205455018, 0.6534440956175389, 0.8641775713739936, 0.4572607333889549, 0.1588333505893491, 1.9166388786186186, 0.452987294649871, 0.8407342660367141, 0.11716836915107409]],