{"index_in_population": 4, "file": "Ken", "neural_net": {"output_length": 7, "hidden_layers_length": 20, "nb_hidden_layers": 3, "input_length": 17, "hidden_layers": [{"weights": [[0.6621352009211321, 0.5418776843564745, 0.45274717876474413, 1.6782352520052624, 1.759831485738015, 1.2597391248587677, 1.0185587411900507, 1.8454825841149987, 0.16251191787207642, 1.0427329979072952, 1.3763351547771752, 1.5625999642287964, 0.36104508701845517, 1.8771545227054396, 0.44730096597115887, 1.4782401999391466, 0.6573116244466579, 0.5934825460055235, 1.5695003845297113, 1.2418599499788696], [1.8121145082840975, 1.7496998821009708, 1.7791423958173664, 0.7122080794630794, 1.1763279908269726, 0.395705615853039, 1.3889681977620414, 1.4435427913048193, 0.8369945826370897, 0.12100887407677252, 0.7230381745384478, 0.3181624943418069, 0.19939694109783446, 0.14648270023405052, 0.52614552004198, 0.40669882602829444, 0.5901018176833741, 0.037132789538930844, 1.5081436123159875, 0.7796066218691209], [1.9222312622185107, 0.02310129264634786, 1.5574752518392296, 0.14713790639987967, 0.16586204727423537, 0.23299848842220938, 1.8875523013290239, 0.787908906617292, 0.8299582363869553, 1.0508161713840711, 1.0147833664976822, 1.2301996882400899, 0.3532910037446333, 1.022959810432305, 1.4547835189170957, 0.685519570448204, 1.142716067389939, 1.635864589369497, 0.12879027510121843, 1.579345917122294], [0.8354029346579817, 0.5385634657897391, 0.34044221536200614, 1.6853603229012828, 0.14903559225692797, 0.4302117541806063, 0.6154842515841636, 0.052266391270106016, 0.9969888991655533, 1.049422064462533, 1.2917017185040751, 0.8012796299103784, 1.5693619087999124, 1.3226858249214033, 0.45450372004010275, 0.8628240904446693, 0.957707618431016, 0.6400353598224751, 1.0574439820756458, 0.9330468605379576], [0.5996951696120367, 0.3242585671999074, 1.09678111513466, 1.6819644153497026, 1.235413991232874, 0.7393158632932424, 1.5668384053984679, 0.7344527980419744, 0.32055151183626274, 0.6281916584080633, 0.3140617390642204, 0.3743198091326745, 0.4657801581687515, 0.7693829321105339, 0.04777103695527818, 1.955729669519754, 0.766631545737386, 1.461177098319416, 1.0116744512733533, 0.18239252575876175], [0.8152929312167252, 1.5333674419435626, 0.7842196179216727, 0.13337371419751465, 0.2646493573520434, 0.3020170344306874, 1.2068370418172114, 0.2135550436914604, 1.9485559412155766, 0.5021337447444849, 0.20404952890425587, 0.4804992441904816, 0.8374170938041638, 0.6999284791813438, 0.9517249526852569, 1.2846689162588627, 1.484573878520614, 1.5509542697879095, 0.7485820830863588, 0.40623549763734834], [1.561378645480541, 1.039411790533546, 0.5687537998225225, 0.5263932424197899, 1.2738525056953947, 0.5675485599698367, 1.627516563847164, 0.30375374787510734, 1.7764384023900806, 0.4691697184593959, 0.959514636051553, 1.3783427366456649, 0.28278359402495146, 0.17415056960803188, 1.8108784371963176, 0.09026591986288302, 0.710941365125594, 1.0898861782524367, 0.6900493169985755, 1.892511303458128], [1.5664062320003191, 0.9699242555832024, 0.10591171677998434, 1.6081821044807598, 1.568362689663316, 0.512243869047373, 1.804574970143651, 1.3921197621650336, 0.41740072144570783, 1.6348510994925338, 1.1369915133205186, 0.8936083369762788, 1.085484006729584, 0.2609699160632628, 0.4153084709472761, 0.3767046779654948, 1.154546712360473, 0.44032667101177014, 0.47377249103271524, 0.5125042130863116], [0.3705769562324266, 0.5638602569090139, 0.7069207152165682, 1.872471342687029, 0.03989531782604527, 0.9853648813948717, 0.04246083230574205, 0.377935386418343, 0.1605407312138878, 1.8259559220556159, 0.932241758121334, 0.8136229378923294, 1.4350734026318928, 1.5732852680592313, 0.257255874075933, 1.8497414085453558, 0.9966844137608326, 1.0609031164790275, 1.4397418833880324, 0.5341463051356661], [0.5851119254610817, 1.0719256866084002, 0.4471266565985541, 0.09225047425286181, 1.7469085303237575, 0.8467542001661872, 0.7467952115982437, 0.43151565518769397, 1.9916654222877026, 0.926404779221973, 0.9924765853957116, 1.8602922374710291, 1.2284451844174873, 1.3241595569162838, 0.26862061821286987, 0.5967813237446009, 0.7609646050344518, 1.964519377022888, 0.06405431895966318, 0.9072290570885668], [0.17365928678819031, 1.7745790851934822, 0.8131264144613513, 1.2565593594661955, 1.7635954292973641, 1.755353871706392, 0.21886330153016087, 0.7132944113142716, 0.963918048831258, 1.1952752090705567, 1.0834442373462176, 0.044234033510644144, 1.1567124403039, 1.8618811956934387, 0.16137403134304007, 1.063295086370948, 1.9239277878724519, 0.8211556199357626, 0.467914270531848, 1.8560930029390392], [0.08044899145690221, 1.3781286354837747, 1.3401282361042905, 1.6351369564117846, 0.0771218714888835, 1.570730693592936, 1.9173674671625816, 1.7457877322016702, 0.7116475135754938, 1.8963132809469505, 1.1553081366881908, 0.4627500143632013, 0.570725207774933, 0.7804889861329345, 1.2840340440580624, 0.5873512879469216, 1.2722236687633288, 0.6859818698460374, 1.0405073052612124, 1.5290886092654947], [0.8504502874147288, 1.224723668206002, 0.29671355790908627, 0.6764903412080525, 0.18570794878955565, 1.4772939561544682, 0.040798201546142776, 0.10820144943588672, 0.9982538217317631, 1.7376826952686304, 1.1075862329676007, 0.11737169784537649, 0.13303273970682516, 0.5865746405657262, 0.7281665314723316, 0.9247605762878359, 1.7709384874627279, 0.3386535766991403, 0.48502344634821304, 1.4134404361586281], [1.5643687534341333, 1.073933524562722, 1.1213666911872209, 0.3868464320961429, 1.0904735093871316, 1.9977412353715984, 1.6742535253194128, 1.123459897920278, 1.5763769676761936, 0.7225616297518473, 0.6941381391941566, 1.9916574850458295, 0.047428956550432, 0.6567951840189297, 0.8008962887336866, 1.4139228442022351, 1.2741899159923196, 1.3087665122611072, 1.3502472240979788, 1.5787068347918911], [0.211878345251028, 0.1466655243849604, 0.08252976984798854, 0.5304597134694595, 0.3190580085229715, 0.13784666784055744, 0.568485182069276, 1.0721100405384616, 0.25624311231665486, 1.463260433186125, 1.3142596068889458, 0.8067667913278826, 1.4822574097182357, 1.7092324294652315, 1.1182558011340675, 0.8102418372165865, 0.5750413976258579, 0.8575207439979946, 0.225586637765119, 0.3838557456401541], [1.638150203681194, 0.31908283301733054, 1.309325387013531, 1.7453173958148567, 0.6442927749695977, 0.7984292039031076, 0.43483683599022993, 0.02289458813075851, 0.3728469400083374, 0.7839594619348857, 0.15023542419851488, 1.9110828698611542, 1.512309525287092, 1.9982890875351478, 1.1464254602216766, 1.4925634076220153, 1.6172046282844383, 1.054971966210789, 1.4245757311113536, 1.3330602635003823], [1.023703123087794, 1.9242710696747019, 1.8546938678106277, 0.7906252699645098, 0.18378659330153924, 0.24718765551220412, 0.25236649019811863, 0.00610883765213921, 0.06554041906248775, 1.151082684089415, 1.1730524040537107, 0.8744457762467006, 1.2840576677945048, 0.49757769266632, 1.359163083621192, 1.8087164661885216, 1.868926239355345, 1.0121963575883937, 0.8887206850145335, 1.0064007573240301]],