{"index_in_population": 9, "file": "Ken", "neural_net": {"output_length": 7, "hidden_layers_length": 20, "nb_hidden_layers": 3, "input_length": 17, "hidden_layers": [{"weights": [[0.3090877651092412, 0.8298625805224957, 1.197098312975102, 1.6688432732818246, 0.9727511247073692, 1.334013755223858, 0.6697721866019868, 1.711244883810526, 0.21877872590528602, 1.8544418066526587, 0.2268984647158434, 0.5975874051559569, 0.2683069283740749, 1.8096035811052906, 1.3724014410324357, 0.614932339662547, 0.7944826227387372, 1.571224548577799, 0.7121066497931001, 0.7721174274685119], [1.5428505502637129, 1.8347894323919052, 0.4484952597334131, 1.7202126715884178, 1.5100762936459218, 1.7518162753973276, 1.9251586133537308, 0.3116701235230397, 1.430056660929769, 1.7893893668888146, 0.8090235506153709, 0.20154529693650614, 1.0807587349432604, 1.5693719545499534, 0.39760237275514854, 1.36251046927341, 0.710393420163711, 0.434939271890012, 0.8317746534118136, 1.2238170087377154], [0.15160384985985287, 0.9721343981981356, 1.7066542229985935, 1.279042485447341, 1.1633251890102323, 1.3168071616016148, 1.2537872878641563, 1.240964090291759, 1.989999491076074, 1.0436784015947782, 0.4885317398320248, 1.552739388022893, 1.76273724083605, 0.32518252031069883, 0.8628252269973595, 1.524116877479459, 0.522160829762319, 1.2001261106994197, 1.640988492184171, 0.4740676635558101], [1.9618945201967322, 1.5846935826384936, 0.7635176953908189, 0.7687136830711978, 0.38571326588722354, 1.410675612130323, 0.5594596758133856, 0.6268443006731306, 1.3989740509295578, 1.693075567005315, 1.5752153297287042, 1.4362562406098263, 1.5545028048904246, 1.762246567900865, 1.8786286985537148, 1.5330915293773946, 1.8883084625546003, 0.8583472717544283, 1.7474215868728076, 0.8306854981399343], [1.0542904774741482, 1.616217455999257, 1.4344586383735058, 1.2640840070732973, 1.190690939172182, 0.05594794215676946, 0.7069163000222494, 0.7706506361154957, 1.1252748620634876, 0.2831598716403554, 1.534585930231855, 1.9745779306987792, 1.428844486123292, 1.5366865908298695, 0.3992802690610284, 1.2166646792071316, 0.2449773232887158, 0.6133439169228538, 1.5884418838150212, 1.6244054401759433], [0.6989449628880997, 0.07656512496764312, 0.6499250353429118, 1.030701211909507, 1.885896895904179, 0.0800605168556694, 0.5150525777763082, 1.6060993956908363, 0.46148829213636033, 0.5407783499016954, 0.21117077239575632, 1.9172664250017646, 0.1251150563467034, 1.1872974855084575, 0.36038843575153834, 0.7975808148486858, 1.315116162541363, 1.0806745809174458, 1.2507445735273144, 1.4653542979319305], [1.8279549435367128, 1.6271172678566364, 0.3353599304244035, 0.672175005200004, 0.6246793121345786, 1.9956843425372002, 0.250158898343412, 0.3427014826797341, 1.6029317092523685, 1.2669256574951158, 1.5501100825896044, 1.2792139906036941, 0.38261126056130546, 1.4106561299215288, 0.2330281122507316, 1.6235420716917857, 0.8681540054658399, 1.0039018316651134, 1.2400140340875434, 0.7787751555449569], [0.2387750070358472, 0.29410361749563974, 0.05423634557540047, 1.0896161661468284, 1.5210584491851324, 0.19948723887301756, 0.8506609350232144, 0.18494139556637323, 1.6125677422521045, 1.052864279110242, 0.23164210288686737, 0.5743731007935298, 0.7398175221541046, 0.22658011476356443, 1.9758316024845217, 0.2867469861562142, 1.6681369930551309, 0.0020189719622496494, 1.2668104832562679, 0.5747530416055726], [1.757900708988924, 1.0267361489073388, 0.9698487532501205, 0.933809884511698, 0.561864706957137, 0.4417936747227096, 0.2683172338533075, 0.15150531457639826, 0.9552549597869442, 0.5119505957822517, 1.8363463797711115, 0.42671640748267614, 0.30221818740348483, 0.09152832446777737, 0.47953543079122296, 0.7866340352501975, 0.08300195533081833, 1.4753103703503083, 0.4184775241280727, 0.9106966481056054], [1.628164472612276, 1.7774548838583357, 1.335210279915717, 1.8564744468443026, 0.01572622235445542, 0.23012236632921312, 1.4309696841846031, 0.43878596521465685, 0.901092270519575, 1.3881469456271767, 1.4045278955633902, 1.1648114929426139, 0.7775321741710082, 0.12044251524881977, 0.677858312040815, 0.7829558716862959, 0.8129029779680963, 1.2546473150823463, 0.01409529096377482, 1.4225049392277522], [0.10883227257566275, 1.251079754997507, 1.6442366204264367, 0.9266422432494692, 1.674785228202015, 1.5753700250780822, 0.26941395731210505, 1.6349679437541598, 0.38912412914656636, 1.3834062982690962, 0.2138723961274862, 1.4893548664150968, 0.29064507110677895, 0.41843130011374186, 1.6828247122879036, 1.4658074455721113, 0.7215580735160521, 1.0092608685809914, 0.10822154253956584, 1.0055213857119911], [0.4966929886105045, 1.5592458052426559, 0.1229309173597839, 1.7154249791232585, 1.5125086405787047, 1.7169626080517488, 1.4428465522379041, 1.6207178281429122, 1.4318531507696677, 1.450255506374357, 1.6512001194084183, 0.6590406133376023, 0.4889902187160571, 0.48164025764477025, 1.3890381194937473, 0.34342042477839807, 0.2375346663802682, 1.4448986755051256, 0.33004650882403497, 0.3939956068406181], [1.9684346279927296, 0.41681342853970826, 0.6446366724463195, 0.9721068761770826, 1.6282600656671837, 0.6627962931785716, 0.7850612010579858, 1.5601805693916189, 1.998988761091304, 1.9457054975516261, 1.3950569884613309, 0.7949605264448505, 1.6683294861231084, 0.15052697380280478, 1.8911081449854903, 1.9515476021658746, 1.5595500171393422, 0.43892841964573215, 0.12109676970446759, 0.15815389160484394], [1.0430779197972064, 0.8729482737932659, 0.5998577508827152, 0.8063840554946127, 1.0279962531541846, 0.8763060512229248, 1.2447596349988581, 1.378327225698592, 0.3139767357949552, 1.6517913204820636, 1.942655953086359, 1.651792396231075, 1.0585289203009633, 0.27726245137376826, 0.1244668916641507, 1.5642798603967256, 0.2250241000061015, 0.9180162312811437, 0.9472897034443275, 0.07533172725648485], [0.6080777677422775, 1.9499526835391128, 0.6749985514647041, 1.1172180362466284, 1.7545839669173071, 0.5764625667643206, 1.0738529046351177, 1.6373454573381574, 1.771412930302353, 1.8689980462758242, 0.7155343316650773, 1.726597865661425, 0.3059742997143762, 1.2525198107105489, 1.3187532045285446, 0.9440160405792397, 1.0237290223363313, 1.2890861853181834, 0.6119522133992261, 1.037317755595488], [1.893866502330106, 1.6107733669642605, 1.974111751917623, 1.653041309587758, 1.7625918043967657, 1.7409894087568574, 1.5909607279913334, 1.7643630122045593, 1.4588928581634355, 0.4936183032495578, 1.1544032878174497, 0.5866850019721797, 0.5084831286840299, 0.6111853590452438, 0.4512308011544319, 0.9341726046371892, 1.3189113524274978, 0.7563911563712522, 1.606000174323433, 0.6820427096397716], [1.2644008221543825, 0.6889016603203613, 0.26025626297951154, 0.7252771442418133, 1.0503441474772501, 1.7849921232155685, 0.9547420572469472, 0.7224119865787206, 1.1110391368406702, 1.053553050920876, 0.45484093905614276, 0.5499031089456596, 1.2548702374225251, 1.9085318967999356, 0.8042857747133358, 1.5257299415262517, 0.34715299885721107, 0.4448767324988607, 0.422724933550394, 0.1785428550653314]],