{"index_in_population": 10, "file": "Ken", "neural_net": {"output_length": 7, "hidden_layers_length": 20, "nb_hidden_layers": 3, "input_length": 17, "hidden_layers": [{"weights": [[0.5107159239152239, 1.28512889425315, 1.983343594587491, 1.1719706625756685, 1.626499918862108, 1.116968689923906, 0.6607668458918019, 0.009391198105598297, 1.0920263443534126, 1.6381629067943317, 0.029113859134255016, 0.4519568652779018, 1.420465816048234, 1.8308424847948637, 0.14108914461307753, 0.43218310878916166, 0.3119283701814828, 0.5163729020942689, 1.5874471452635202, 0.9763976169063406], [0.39915990521631683, 0.3532006462785606, 1.6957985386547112, 1.4417104936418508, 0.27321291063893405, 1.7880521254177912, 1.1471293639624276, 0.5138400791150262, 0.04525648057323539, 1.1251685483956577, 0.3772819554161879, 1.4277709801046525, 1.4516324417395248, 1.150028535006678, 1.6467181424425068, 0.642189104735629, 1.6434443011866768, 0.0009111662475183024, 1.8178672272464742, 0.12306217888431581], [0.9643337047697254, 0.6654177726522503, 1.7417707784101537, 1.6516495499082662, 1.840323927632638, 0.28127385236438296, 0.359630289500914, 1.2820267612544416, 0.3800697056815643, 1.744893410973346, 0.5527826311416224, 0.053710420356611, 1.5836260643281712, 0.9633730263041771, 0.9226162539019569, 1.7284873699424286, 1.3367351765331714, 1.0914168271080418, 0.9369955107943986, 1.675697730206815], [1.3911386455994688, 1.3516083994192871, 1.644424443417014, 0.929301978967924, 1.2506662941799485, 1.9776075042703245, 1.9810308455047072, 0.3231955496743313, 1.4484325827773439, 1.0707610492375292, 1.0675230670845504, 1.2753614112442955, 1.0835309317455253, 0.061287369668645564, 0.6599604157632366, 1.5538090528808635, 0.5901321122359506, 1.8287528810706812, 0.8775400172009211, 0.11062200930488308], [0.3674654813781204, 0.5059333211988686, 1.5244651315699316, 1.2428586003414537, 1.9935962332467223, 0.4986819263097837, 1.5901783876466775, 0.911373423105583, 0.691165210287634, 0.5389333637658125, 1.2605992378536215, 1.9564856944931648, 1.9732521913955496, 1.0729055068808624, 1.4451584482316007, 1.4061500940668819, 1.9144485292274211, 1.1705584992349691, 0.5990547129021717, 1.700604718835074], [0.8765349807163163, 0.2547548889967348, 1.0511426606461838, 1.3367325066034623, 1.8940169620274527, 0.5667035313138808, 0.3096663973096545, 0.2651545459979401, 0.7909405869581054, 0.2639512492124043, 0.3037257351683944, 1.5282561021963128, 1.6945656958994557, 1.9821322412928462, 1.9948840991707495, 0.5902582426631335, 1.826806977448451, 1.4330529726759833, 0.2758647269793042, 0.41167171598102037], [1.7265805652013033, 1.0241312143169923, 1.599113998102658, 0.11312505798525674, 0.5866382812786863, 1.960280682690691, 0.711148047074085, 1.8070227720762733, 0.7897386714571952, 0.6859267122579091, 1.6944094367865703, 0.4514903484850332, 1.104224958761949, 0.9383968530384277, 0.19292705766113638, 1.7497205964999283, 1.2433265895286139, 1.7860477054407595, 1.809860522449263, 0.1506333652600127], [0.8269025424843715, 0.4093065133947067, 1.570186037353516, 1.6914780532345088, 1.420731329214921, 0.2533873947584764, 0.17932254968505879, 0.8867021887402844, 1.4065737383279344, 0.7733433359563215, 0.37982071473103396, 1.7385218012837769, 0.6975614842423825, 1.1443868031104787, 1.3033805746488594, 0.5555586057333497, 0.4534416143654212, 0.8861983342792215, 0.3823900199575545, 0.5180656236739625], [0.051059229724625954, 1.5812581857526586, 0.3548563227044226, 0.22479311947442726, 0.9026651104845469, 1.3127489100871255, 1.204509126741028, 1.2441361210092763, 0.26785445087234416, 1.5843487490993353, 1.7697489604914842, 1.471532606002407, 0.482176770120073, 1.4062815737796788, 1.456559354685447, 0.38690256537150924, 1.3974084311700634, 1.9538552779104654, 1.049105429602001, 1.7905137433817764], [0.27744836215076707, 0.050766677813261385, 1.5033572818819225, 1.6898274692032487, 1.6546627929076918, 1.174003190607697, 0.33927220270443437, 0.9650896108798812, 1.9895115724665855, 0.6570252262961489, 0.1514342552353396, 0.008202148923211805, 0.5018158963640318, 0.6980349916948074, 1.2160463349723878, 0.3215168111766835, 1.2140579588015163, 1.5206422652796276, 0.2077715795767765, 0.08431921011898424], [1.0134934826613946, 1.8295132279181623, 0.25704342197764873, 1.9511390683417371, 0.5853205886479418, 1.937864321543713, 0.2690126513809632, 1.9133471984970174, 0.7006121103928131, 0.5886286242461227, 1.472941896749524, 1.993042443471552, 1.9527459129327838, 1.4154272856258323, 0.8990516285305983, 0.8968471776859142, 1.0164549727370729, 0.08535029890184376, 1.4522293003549454, 0.20533514298132616], [1.9545047613718278, 0.8099344275358924, 1.2007268117407053, 1.1469235589075966, 1.3206898188839569, 1.270975020677836, 1.2825645694459826, 1.1649649514014309, 0.17594106763004347, 1.9940710838117344, 0.1326023078188212, 0.17621130566582344, 0.4016789584083498, 1.2674488724320663, 0.8698879470292504, 0.2287396339848473, 1.7241054139158474, 1.2421844390551304, 0.3300405626211167, 1.9646948099255346], [0.15701334695255897, 0.024849750280765415, 0.8455720772413438, 0.894550143629878, 1.443344233669034, 0.27997884399986295, 0.9845892455771856, 0.9119312703225599, 1.6428246621493137, 1.8859753805471158, 1.1868449200723572, 1.935900517547226, 0.38462148249048167, 1.4509020907185102, 0.018515248314050492, 1.8108856680225465, 1.720178506931709, 0.6971096047125951, 1.6645176444661385, 1.4866745937131427], [0.09536824115532316, 0.874162425983156, 1.71613257885701, 1.754665460195015, 0.49893102917442333, 1.227697238341599, 0.3897113994782202, 0.3801927480135132, 1.4649167490276107, 1.323464212950471, 0.30993028724260463, 0.656173489923114, 1.998721889789844, 0.45749074076638463, 0.9262403864296382, 0.6205290066073534, 0.8219517974477046, 0.8197035157924291, 0.6245007047988651, 1.3453187154402229], [1.0218972748127688, 0.23447702975939633, 0.6926015540666892, 1.5608850562746943, 0.9346318661267679, 1.7519543717052812, 0.9081927282317765, 0.8234975970006022, 1.2352740688732737, 1.471844288425963, 0.7468734969423461, 1.0283524417996228, 0.05580612962617493, 1.3332401271721088, 1.1154873979548436, 1.2301240336260593, 1.7885771062341822, 0.5097508975633773, 0.14431601617849332, 1.344727317943287], [0.4895062673697459, 0.12976885966476703, 1.3910333617900468, 1.9572802479717746, 1.836771009919962, 1.0951736651401431, 0.5435360133393896, 1.2180339243561866, 1.598802946798643, 0.6980111474353963, 1.459145759912115, 0.33708055868400355, 1.8482214659482543, 1.2981302878568795, 1.147808764308267, 0.9218645794109217, 0.8035748523440662, 0.6891172674503978, 1.993548367085441, 1.731212617775113], [1.1858355116314918, 0.5237158485257387, 0.8965987902093269, 1.0396188695890678, 1.1276155456056203, 1.2367790070562648, 0.19344210355513392, 0.5589399317552586, 1.7369081377938032, 1.990597006271713, 1.0242632884851433, 1.2556660374097421, 1.186769522149694, 0.6556655042224848, 0.5273437564587851, 0.8567324815959929, 1.2310708813715656, 1.717906779402723, 1.6279689651887597, 0.8523043066984279]],