{"index_in_population": 14, "file": "Ken", "neural_net": {"output_length": 7, "hidden_layers_length": 20, "nb_hidden_layers": 3, "input_length": 17, "hidden_layers": [{"weights": [[0.7499588773586352, 0.37870390981573077, 1.6415744771350709, 0.8901220221035908, 1.8050269507819119, 1.0542202813129475, 0.023011488623815746, 0.23993119302950583, 0.1379914837943952, 0.1389307257393777, 0.5259403572158674, 0.0360583407657693, 1.5907514063598138, 0.2475511288147474, 1.1265400838027126, 1.2964462805575536, 0.6792284055832747, 0.5878849987043067, 0.4124591272846163, 0.43900658046336094], [1.3974227246553095, 0.05629728755435459, 0.7855898576919123, 0.34538214498896336, 1.3177075827083837, 0.9838558942835554, 0.7652268534297908, 0.05833129759937972, 1.5069558722625656, 0.6764927907452805, 1.9953854882339326, 0.9895311082392364, 0.1774234412315887, 1.1051139640597027, 1.3743383764824462, 0.6206802943894649, 0.26514153381546457, 1.2459853670530314, 1.2080387940767603, 1.8368515096058726], [0.6047128350874726, 1.2368595594539513, 1.3625154257417402, 0.25115044378141227, 0.09367809802221982, 1.1231233611557505, 1.2098871422060977, 0.4693215286942276, 1.0716929712264898, 0.35799180174070466, 1.469268301496147, 0.7982409040227378, 0.08639046051455068, 1.9219206613155513, 1.0848488219948267, 0.14720353155904053, 0.2953845251940854, 0.3832175794423067, 0.5082879589859588, 1.1540433435378255], [0.6864999638022069, 1.275785196283352, 0.5108307533929677, 1.6262352706307752, 0.8455721018395517, 0.4957435731749831, 0.6947139301080258, 0.8051298829879843, 0.01121932604569098, 1.4503549965980849, 1.939818183933895, 1.687217116596759, 0.8108594748960103, 0.7228965505490319, 0.17575368527846358, 0.3349296496813219, 0.2276033812684901, 1.2272693765485494, 0.08562308234784344, 0.9499736720432359], [1.908693408376756, 0.17167991315101316, 0.9078764667602652, 1.2011496744255057, 1.9504075759127408, 1.7242615930391112, 1.549094554445264, 0.0005617359407850131, 0.807100849944304, 0.9910727993074506, 1.0130119934226982, 0.1490296084512983, 1.858302346491993, 1.6704781191798228, 0.32811620015030285, 0.14475148430164686, 0.8073325937347, 1.0397159143708015, 1.214840159965517, 1.1017035163090076], [1.1767175994163006, 0.5509818853425898, 1.0530719544751448, 1.5781287002521591, 0.07172842393859513, 0.3754480466579635, 0.7489600713836346, 0.088713652259089, 0.8416750489148892, 0.3996471877622021, 0.7086473830662048, 1.0546558429086375, 0.8988163247493348, 1.8102836779883662, 0.4726999337250337, 0.7244498200070348, 1.8798220892518278, 1.5756512886096776, 0.255271985927519, 1.288940011296057], [0.7965496747709642, 0.34046913106945387, 1.5286150241260477, 1.8884441184427876, 0.7208362752122246, 0.3219266611701357, 1.5969354474064463, 1.5536049973850958, 0.7823236403803957, 1.3005849478009357, 1.122765539518887, 1.40455380852504, 0.998260397289161, 0.3468569595013742, 1.6406095626064081, 0.5074008539655646, 0.11567561932649517, 0.47982461182485947, 1.1741041645757126, 1.3554882131144514], [1.6328927087687037, 1.9189328439695994, 1.0532580580875206, 0.34879671021165515, 0.9817005648683417, 0.4603600673837922, 0.048276008847072616, 0.3748353797483712, 1.924853916473519, 1.9733238661405732, 1.2074672234643784, 1.9745409110463774, 1.4953703186618348, 1.0889606609619087, 1.1657431177473527, 0.6963938179941016, 0.051000284203204016, 0.7347196200159931, 0.8158583247241236, 0.8169041077786412], [0.0859585068429487, 1.7087374602241474, 0.863467630271503, 1.6530955321735639, 1.2849688635310956, 1.619178584757539, 1.4123845477329888, 1.4052215016921386, 0.827062241120502, 0.9264213662877441, 0.9241213009299032, 1.811475085182246, 0.42145862949146884, 0.8054547858684884, 1.5489961708455746, 1.599588668349905, 0.6014499001963542, 1.7025711417937677, 0.21771846767029746, 0.6553150644593237], [1.1640228161718347, 1.1856358763298709, 0.37943503409087187, 1.7562068229992769, 1.2998779523822481, 1.6893978403255214, 1.646490651734553, 0.3168567509471749, 0.09561162656024713, 1.9055473242875074, 1.0490975980376913, 0.36778638689879983, 0.4062398016505122, 1.6954456160050175, 0.39737540866767707, 1.9993521668118144, 0.8453216337387339, 0.8816881968957573, 1.5394578301254407, 1.5220688021375501], [1.944381564940538, 1.8651508355755024, 1.4052697737074042, 1.5779899241146296, 1.179789997460357, 0.8754857223933656, 0.029661150501121503, 1.1928929769056102, 1.2033426051336782, 0.3120085726899875, 1.381133840754273, 1.886093479604297, 0.1491794922485612, 0.7034132952294432, 0.2996838727838691, 0.9226892314935411, 1.826470217976287, 0.6605734182645078, 1.5506874877050119, 0.05491926886645637], [0.7743076539957654, 1.2024771650932546, 1.7422392218835114, 0.6469353387597179, 1.0224185952132965, 0.23005893380963394, 1.4731528506390001, 0.9839517470050694, 0.9697621645355152, 0.41917514594980587, 1.5677297654114952, 1.5109265371732643, 1.3163947785337013, 0.10926490493836072, 1.3980332580385235, 0.4771720823619092, 0.8648065972721188, 1.1993591941910038, 0.8536829872180836, 0.8183102594163927], [1.9767558653581365, 1.8509450689816829, 1.1684547715460338, 0.5603439738842051, 1.6440182231038387, 0.24481594402412243, 1.1112442746779545, 0.43295967131441615, 0.6924663207409543, 1.207350661939916, 0.8710364273749589, 1.4094380638774673, 0.603582445017879, 1.002636688471473, 0.43388432412555433, 0.24928457687221806, 0.2665635214061095, 1.1643299560694833, 0.11494354858409461, 1.471897657666782], [1.4207188217276314, 0.47308211451538473, 0.5997403925734728, 1.5070650899700688, 0.4212829896152781, 0.942982929887942, 0.8175551487660615, 1.2440948761455497, 1.1943967933171247, 0.10699637740786505, 1.9279857517882413, 1.5929894824144792, 1.7698281808439649, 0.3364867221503156, 0.42373885310515425, 1.370763636005712, 1.5721014184534288, 1.3263744250110925, 1.2667823718937807, 1.2684771989640444], [0.6146539871828134, 0.9906731920173566, 0.8062206644937333, 0.30173702625077303, 1.967016599716797, 1.7289800894234324, 1.598926974724491, 1.8145632636749163, 1.6895719290106668, 1.3895899230918398, 0.5368786690929441, 0.7244673004108866, 0.43495438828563016, 1.8980303454496732, 0.8847675000505495, 0.653984314301119, 1.705966304000276, 1.3718768382774886, 0.22385912386174, 0.870728776675171], [1.9160730503386842, 1.1481732560677989, 0.6015147610011387, 1.6483006489760181, 1.9764103855232078, 0.029289197196947114, 1.3163427497928097, 0.6839791527246146, 1.212862356204335, 1.8051398809039243, 0.648220791326632, 1.6456336546864336, 1.4430696274260102, 1.495504853682318, 1.0899810672965584, 0.526071415574346, 1.550120464060587, 0.17511112250267757, 0.475914811887306, 0.43182447739231455], [0.7718315244522129, 0.5150630500600968, 0.8686044627690199, 1.4812557982977874, 1.216041992535918, 1.1770211360702645, 1.9810460657365696, 1.634279310835442, 0.5471288967075343, 1.4355693585425138, 0.9743543724180437, 1.5878393840267013, 1.824421152501353, 1.7047100071419126, 0.2072890623472523, 0.5572515538637122, 1.5946313606252287, 1.4936527260220482, 0.38040711794514803, 0.7434547246884209]],