{"index_in_population": 7, "file": "Ken", "neural_net": {"output_length": 7, "hidden_layers_length": 20, "nb_hidden_layers": 3, "input_length": 17, "hidden_layers": [{"weights": [[1.2868929765216734, 0.8961739666867945, 1.7886212194056639, 1.348696764746338, 1.5371735450905688, 0.02420952902548401, 0.2465702875633573, 0.10821094555074207, 1.2608238829083123, 1.8251544668491122, 1.8919689388415757, 0.6171790557594745, 1.0056110279179464, 1.8120684024470926, 0.9870684347482352, 0.5000344137521302, 0.2976529204589733, 1.0686124415642866, 0.7825427493625186, 0.7353357067878872], [1.52622324833312, 0.17853823683989578, 1.5896550174671542, 1.655193364041564, 0.013308042546379184, 0.9107433393832838, 1.1422124227722505, 0.5232220723539023, 0.9858909087769112, 1.5580993863879777, 0.6510291220995983, 1.3451008600869623, 0.5632644394562076, 0.4354048376701165, 1.5286477047505274, 1.5227564144688148, 1.4913918730190978, 0.7224653232975206, 0.4255898006310419, 0.4345889277463941], [0.2748685003547666, 0.20189969490853832, 0.21319992434459722, 0.9022064528683411, 0.5595454825228428, 0.8333695890593209, 0.9214545873296804, 0.36996321527426856, 0.7702553637605606, 0.6100357228843967, 0.6706848962546028, 0.6830566776090796, 0.4587774286005827, 0.6296450901171774, 0.2355807437133064, 0.5728517194558272, 0.5202338025712455, 0.7896929450355976, 0.7740398513440031, 0.033718021399353426], [0.8807424100466631, 0.4552946074636378, 0.7152257632038209, 0.9898783068632699, 0.13401490297262908, 0.5752111133018447, 0.9823802492506752, 0.15674561438792833, 0.5823872711974163, 0.36314356262552316, 0.40219302973982085, 0.5857116016633581, 0.3476525512846216, 0.9404425760472106, 0.8704283275333344, 0.29609071838034984, 0.7913894306125018, 0.901717647896069, 0.5151150038543345, 0.4027604660963787], [0.9775607121487514, 0.8059593196132238, 0.11022021913863234, 0.6721787216701464, 0.9958128227328134, 0.9058852177535703, 0.32620283753363255, 0.3160085669512105, 0.9624141440591805, 0.5716599723930118, 0.7416353563013265, 0.21611626517297888, 0.8700897642040746, 0.9844474899645747, 0.10385022203849237, 0.6458073814492384, 0.5068598758681182, 0.9491563208307154, 0.31327611420365464, 0.030019975846480196], [0.7436352435042345, 0.5991653275384781, 0.7735117592680469, 0.9825392984465144, 0.8004579517770976, 0.8218106035608341, 0.821710213194462, 0.7425241919656448, 0.6959488551857769, 0.21762765917457927, 0.7476067861634366, 0.23290373081758098, 0.1135551572204554, 0.5556452478919334, 0.8624469061051218, 0.7414966400446813, 0.2200752326726626, 0.35934672365039355, 0.8618917341612071, 0.6482269730340654], [0.9191049050709026, 0.7076349970402667, 0.6539595016830472, 0.9445203869634424, 0.8814925031566497, 0.7520153462257793, 0.19139969768857013, 0.03345330620741471, 0.7196228102012004, 0.652168815515025, 0.596554794209881, 0.5127375222052056, 0.9629276029716949, 0.08014134547974294, 0.644519436562705, 0.981764340853358, 0.1669926588874735, 0.7824158811334835, 0.08593348080507934, 0.5562095283441739], [0.060560431689291594, 0.5739767531612917, 0.5426236352088242, 0.49607973364036295, 0.8299063414403792, 0.10455514278443134, 0.7182266653549576, 0.6678494319869637, 0.41172995004076307, 0.10808605790452508, 0.9662742615092814, 0.573946501193919, 0.7824076720280849, 0.6290349135516843, 0.6073232038546332, 0.5880728691419748, 0.6569981173833253, 0.8019480121174558, 0.1451995610806438, 0.46113441818475553], [0.4913331834097414, 0.6225395662689891, 0.03230564447605233, 0.05159310825238639, 0.002356458271216666, 0.06406796746245846, 0.5974823687908261, 0.46387627550567356, 0.044202105090965116, 0.5495131178265974, 0.9249988729634131, 0.1581211250914205, 0.026824096777605666, 0.9662589710593189, 0.34689111971740605, 0.1418041327036217, 0.15308914384733563, 0.11258869653993797, 0.6699464814518121, 0.874878919585392], [0.3331049459139409, 0.38327304337867485, 0.9576122396964573, 0.8565844490083148, 0.1529714796397994, 0.7064135854211088, 0.7645766793337061, 0.8461391492817851, 0.053915302729048875, 0.5462485771473199, 0.4632801648649618, 0.4661590875490139, 0.31982702759432435, 0.49358560959263376, 0.8391844082180366, 0.9190889275003913, 0.25650968278245523, 0.7936631730853557, 0.6576566048212087, 0.10994265294428807], [0.23424709171796743, 0.7947923296317081, 0.9557782845485524, 0.9437196194742871, 0.9360160773015399, 0.030833442424744173, 0.27510243487852626, 0.5675689968440877, 0.28468675300999735, 0.23231424167500714, 0.5827300340368207, 0.3160920919823903, 0.12286661908156282, 0.8429465418227602, 0.19655018974605531, 0.7034373463080354, 0.8915587390143935, 0.010710522673530787, 0.202186404203632, 0.3932160245567299], [0.6738285752571009, 0.865995508504916, 0.3709823212713377, 0.6034000631937152, 0.7789043641845864, 0.8871905841127182, 0.9232910598866535, 0.33563983519026097, 0.19729009467453096, 0.27752937274265144, 0.8552252483317327, 0.07125918373739948, 0.06555552231444217, 0.7814750745627402, 0.05595708727088944, 0.711431099498968, 0.7830054064025577, 0.9335826084310319, 0.1357252909071659, 0.45995554873684286], [0.35220618945350757, 0.6108171996315314, 0.8191754729871352, 0.5323967959884228, 0.007481776554010944, 0.7846414100852857, 0.28752332144879544, 0.48045340622173593, 0.8179793370761492, 0.14075866534918458, 0.46673468639622184, 0.7160740337200849, 0.9661547894531539, 0.6545284421143155, 0.7465657618221416, 0.533638183274772, 0.27306687029088283, 0.9592940170390557, 0.3018486287822899, 0.5865330568519662], [0.366455581230405, 0.7893020418500188, 0.31014252389582453, 0.8961270835195415, 0.23374214727819476, 0.8890570272160098, 0.2276010957847906, 0.5043581018893003, 0.7102260318023833, 0.9308454541579935, 0.9538288116541774, 0.07075154253489924, 0.35216147146672505, 0.43783312809904773, 0.9765103477755321, 0.9713827131289154, 0.13020984048208528, 0.9784288371224338, 0.12994332695993582, 0.4573250962502259], [0.15906446678923158, 0.6059951313357519, 0.4076710085559587, 0.4582769533858351, 0.03805852328946979, 0.9878012992060017, 0.3942992582694753, 0.9011354043683695, 0.7374118368415448, 0.9902999977664763, 0.7533414199807789, 0.24754212831604372, 0.3162496804222289, 0.33118622543559795, 0.9454352550549273, 0.21491856349353555, 0.8615641361357836, 0.1648034611128002, 0.08374691739866191, 0.5661148396936962], [0.7135646491109104, 0.5932162070469366, 0.7983799526869979, 0.8209463532600586, 0.22532056566595593, 0.4750289249856785, 0.5295948661595756, 0.8242989427334361, 0.48934041097881076, 0.6390700404998114, 0.9686173969137134, 0.7841938326521424, 0.41037060943051185, 0.9012648444624802, 0.7754582018562477, 0.9943553320009786, 0.9128520831084073, 0.43400837754129007, 0.9392577086249264, 0.5233683864263866], [0.5293815819676533, 0.8583725666231538, 0.564675414428143, 0.5430678958547352, 0.0009666746648665514, 0.7679000527510981, 0.19265341244551548, 0.6847918042042667, 0.6327115731069566, 0.09409184543717197, 0.5807595761698251, 0.6658160472468755, 0.000948202355749217, 0.5109355998571402, 0.8443361361951146, 0.7355584436115488, 0.11358510554012247, 0.4099798754678281, 0.04749168131720505, 0.08406818248462777]],