{"index_in_population": 17, "file": "Ken", "neural_net": {"output_length": 7, "hidden_layers_length": 20, "nb_hidden_layers": 3, "input_length": 17, "hidden_layers": [{"weights": [[0.6076356309877091, 0.3398854456867386, 0.05521096699602779, 0.9057555718571136, 0.8473310600117139, 0.5598166760209864, 0.17120294206789433, 0.34694869028735753, 0.14702610100412106, 0.07036245401038488, 0.9569604455600028, 0.8538967464744718, 0.17033013706177058, 0.46631911034640117, 0.09311140931732775, 0.5304332965681045, 0.4761727390628936, 0.6887232857703701, 0.11079170796084736, 0.3823276835013494], [0.8366465461625797, 0.6352070323476445, 0.8240464650688607, 0.12206041990449357, 0.7363880944234029, 0.9570795914030207, 0.25982906858480626, 0.9997414109536851, 0.13573600488196857, 0.08797645874214666, 0.1823030219604872, 0.582136120695933, 0.8683746349996294, 0.10764209829527338, 0.3206184590896759, 0.8675194427972612, 0.03488770678106279, 0.6934546230579269, 0.7634047079490742, 0.64599255108377], [0.4433234360685355, 0.13248072796257937, 0.15465459578698793, 0.15784478107875688, 0.12568876539937246, 0.9871419266757634, 0.43704798050294025, 0.8614730766511067, 0.47986110422768147, 0.785283688397862, 0.2759794086521864, 0.04954840621900514, 0.3869422473611628, 0.12067799910293109, 0.07288285381363313, 0.05535211651139493, 0.6449641911327761, 0.73006386557246, 0.8160765048064358, 0.7572219420035402], [0.12283779868388245, 0.3864719468755867, 0.5730691470605276, 0.4070533220632869, 0.8641382895921087, 0.18301654314666593, 0.6605007496551745, 0.5530685448494812, 0.8369531099327707, 0.8405864678915179, 0.3704667296109768, 0.33149272768227145, 0.6671190998044142, 0.3123015704320127, 0.27225294437019043, 0.8962654303945062, 0.8339595999352016, 0.7161405009807956, 0.44062317531150097, 0.6024139137112682], [0.30770566049195525, 0.9746474794292164, 0.28921383551755153, 0.9021930333824953, 0.4962703107186689, 0.3036841476448987, 0.37068997891142097, 0.30546588362889626, 0.4410841145738479, 0.6668987416013972, 0.992882222677613, 0.4092380218812971, 0.9667006154592301, 0.3870715390571561, 0.5208905241909151, 0.2237280979597347, 0.6710242902571033, 0.9033486522026766, 0.2972206136548058, 0.10355882163481411], [0.1838986615052457, 0.8852633949654329, 0.2737735209517854, 0.321015482655164, 0.29745915652241983, 0.8273426190406508, 0.3813466010984793, 0.19926631552662166, 0.4633838698389875, 0.28625861065880487, 0.029154126126963886, 0.6698192664565832, 0.8778623389160198, 0.837716747491997, 0.6126844117233674, 0.4586397259922348, 0.020862392184384793, 0.21910760275981445, 0.6375264575190548, 0.7243410137413154], [0.0727902848700791, 0.7020096195296666, 0.12936536522510778, 0.03180112121391876, 0.16155635581639605, 0.006606645767000763, 0.9012875940443901, 0.32387893490418374, 0.07742524431097997, 0.8119389267408736, 0.2766654051285157, 0.0013320050949944262, 0.617096850478895, 0.013656411403655144, 0.9730077488710842, 0.2326963917393663, 0.8351628273494683, 0.8040342824276905, 0.36478664693843876, 0.1915803524297156], [0.45385966093232155, 0.5634924477250051, 0.6472286988609444, 0.8975439401698947, 0.7339654914499509, 0.8392191271846641, 0.7106953483891666, 0.888670074682986, 0.8547648520212535, 0.30517228109535877, 0.19277253614286516, 0.17578213338564252, 0.705314756516468, 0.08567966593236254, 0.11157466048671372, 0.05018016799943359, 0.5769608293057277, 0.37644866727996373, 0.8587313224479257, 0.7858889596592235], [0.5977931478695588, 0.9422389632692455, 0.6938573031721755, 0.0010766732583836758, 0.9023202491646645, 0.5921654167083511, 0.5480056032559012, 0.23149933538444234, 0.5931871043202697, 0.21990513578652426, 0.6721286285166477, 0.35916232703723483, 0.8558412548078606, 0.4284743486201067, 0.175310754923656, 0.3711546437855058, 0.36245098000218956, 0.10164644557043256, 0.9923913796754766, 0.5353458985364008], [0.271149746184156, 0.9183135034750152, 0.005629576048262752, 0.8676797582422359, 0.5948783551996566, 0.5817332875932066, 0.9594517240541632, 0.21662674022110595, 0.7096797553304627, 0.7089480762699295, 0.3168718601470085, 0.26973106932235746, 0.07867232040745875, 0.33875843453154053, 0.6689329296505467, 0.061811971359382656, 0.28765346892816557, 0.42850605848961976, 0.10749545852430342, 0.3710918852394667], [0.5349885675540235, 0.1932270522349373, 0.8679674199292509, 0.20129624218636932, 0.40221954862374865, 0.4025944465027391, 0.9020255270721703, 0.5863624813812033, 0.22944635428061466, 0.8688007656729099, 0.7927065476651373, 0.7056029388131998, 0.3521476484049504, 0.22306639374837856, 0.7262305584027513, 0.31972388541624264, 0.43278034098241713, 0.5293621308855163, 0.11254973256295919, 0.1750648262786959], [0.6861858437835413, 0.5066733972272752, 0.09740435384469237, 0.22281713854912155, 0.807833744457194, 0.8723208830404781, 0.058214560476658406, 0.8248720362020818, 0.8019086707484907, 0.5524057117850079, 0.31467554131067155, 0.19703446496421173, 0.8498061966303269, 0.041519156692064185, 0.6222376508033662, 0.8405323024962686, 0.3775758456475562, 0.8814950062275873, 0.8688496668168448, 0.6257549790764414], [0.3029469730774643, 0.19001398861199925, 0.030662064496498442, 0.6265105944510819, 0.6859054853372082, 0.5703331370772647, 0.054923414889660016, 0.7166473927647157, 0.9754734737904674, 0.24862349804640116, 0.6999918861591709, 0.034439521441146925, 0.8947581702009689, 0.8590147783260336, 0.10663942076965138, 0.36171196199128397, 0.6236269184906964, 0.3215195683112927, 0.9409616883241909, 0.6313275711693106], [0.7135125847606998, 0.27688186390737735, 0.6290534546806698, 0.13716320291609885, 0.6357510550069008, 0.9668356231056014, 0.9516647543501598, 0.24162612456212906, 0.08175038744266294, 0.7609044468956297, 0.8070418650142785, 0.12753451585168352, 0.7456040190744299, 0.10164562208826433, 0.4088969654431762, 0.3487027554559877, 0.6617332418936348, 0.6320918786858136, 0.01329243084822651, 0.5514846761611183], [0.6332787957726959, 0.05718591414278329, 0.4134984088215843, 0.16736454383711263, 0.37967351509508673, 0.11771069434674086, 0.3535543539962531, 0.2655489889090591, 0.9950062222590763, 0.06087577290049195, 0.7683542757550985, 0.1828898575820005, 0.4771566181580835, 0.7720741436884084, 0.009892132352758543, 0.4638452702139306, 0.25917601605759155, 0.30402969808735636, 0.33463461694720353, 0.1862400341618885], [0.6746336294901557, 0.6560935193392884, 0.6785489052903888, 0.5072646353161173, 0.41337703532132064, 0.39714505757258955, 0.3139396112455849, 0.35166974687370045, 0.7921237397727082, 0.6271398961077169, 0.3406303658942519, 0.6367871852758272, 0.9233656063750375, 0.3508035848588513, 0.9218221323222825, 0.586000705958859, 0.4869658832417443, 0.8883650976690506, 0.6496209282935536, 0.7522280883389832], [0.10106614337992514, 0.6807721636367717, 0.49568568946145153, 0.9922612003735777, 0.8294707209523176, 0.3312848976929441, 0.9251667147961897, 0.5870953865356696, 0.09077966252186498, 0.8105020302059079, 0.7186193439456953, 0.7722688752575065, 0.29535886049800797, 0.9148079023484493, 0.3615076868883019, 0.8108749162955666, 0.5569223150103156, 0.4987903145517897, 0.7968330143986839, 0.8416512234533963]],