{"index_in_population": 11, "file": "Ken", "neural_net": {"output_length": 7, "hidden_layers_length": 20, "nb_hidden_layers": 3, "input_length": 17, "hidden_layers": [{"weights": [[0.5576764056758183, 0.05124906372372218, 0.18659379622796823, 1.6849824032242393, 1.0692065347344746, 1.4069911372041242, 1.6381457294489679, 1.8966400241253591, 0.36512307457241744, 1.429440740004903, 0.7318793175817886, 1.7750938961982465, 1.7503181952737001, 1.9382630633901383, 1.0363823714702838, 0.9959593422624768, 1.7753738566887343, 0.6761331234871537, 1.5931773615341651, 1.4698565526850673], [1.1571784723862313, 0.47110320467541733, 0.5921334681854089, 0.4033273336475045, 0.8391855983613099, 0.8527619054677786, 0.9317343445308375, 1.2466188777942142, 0.7627443749208656, 1.779384550991701, 0.6401450460268869, 1.7397943835584961, 1.3275781844116652, 1.406209881908418, 1.0493665763468505, 1.3161117682759198, 0.8135577486620071, 1.9751514530032803, 1.6909538030964644, 1.7256549438291204], [0.5337826625181461, 0.8673971566174246, 1.7990587521809638, 0.9197340031255212, 1.743885861975755, 0.8483557580369079, 0.4219360379059178, 1.1020368528179905, 1.2656697790125828, 0.027983122100499136, 1.6704898053279158, 1.359534019541146, 1.9947782041069246, 1.552206165512442, 1.0411787126616887, 0.2253034849305735, 1.9254722940559266, 1.2145927376005248, 1.7123372818599965, 1.0569768873563772], [0.24697892623576512, 0.783295004130498, 0.6332411419773067, 1.6655950638842936, 1.6883967754867146, 0.7065461545566016, 0.4945861320318843, 1.5883861085722701, 0.2877442107466066, 1.6877920800877735, 1.993502805923671, 1.8194670033367366, 1.9949282734001772, 0.13739340753710394, 1.3524828944478162, 0.6331442611720397, 0.9205996524401492, 0.9436889896607807, 1.2591350472882015, 0.5326365284116674], [1.692650507142192, 0.5200007589944013, 1.0764161469053302, 1.8884397559894144, 0.07689317308983368, 0.9807963973721756, 1.411906571463911, 1.0266161167721408, 1.1571497616725144, 1.5788936626582533, 0.17340345568580107, 1.2412924404090948, 1.8476228699982873, 0.06099669974872168, 0.26284518696719106, 1.21789022884923, 0.6862675504524198, 0.008500473412773601, 0.037710714339584284, 0.9820651296755389], [0.06499675673839755, 0.10393910997042877, 1.434977198223765, 1.9368585787197266, 0.5240513049390432, 0.058278500935513566, 0.16269560611736722, 1.920330612721701, 0.56563145246905, 0.7335394880355399, 0.7740915658776351, 1.093530318347415, 0.41183720119719536, 1.7951367671913623, 0.7811536021452721, 0.2392623580444766, 0.02691547085523016, 0.6824970923288891, 1.3160899896206215, 0.37370397537390554], [1.5834058373883555, 0.2911682359708472, 1.3909835816362637, 1.3935202270356344, 1.1939748065564242, 0.4071873595141371, 0.8217066668891526, 0.9080303657212405, 0.38143718534799453, 0.23499438060303035, 1.1897409424073448, 1.8192896643019756, 1.8030121878068066, 1.439263526525421, 0.9913432947977123, 1.558870789880603, 1.4959579449421405, 0.9197425133043353, 0.7446515577241388, 1.16957747530428], [0.9102809437552652, 0.9268782639788413, 0.21787071263477809, 1.7881266156674536, 0.5673812061762677, 1.0060793724686812, 0.7383328504716069, 0.5664431468993292, 0.7813152841832474, 0.4035926085233208, 1.7720933046484932, 0.8506077677537436, 1.8594600737300964, 1.3472697203988169, 0.9142801453911484, 0.5699404737068787, 0.8107371604553526, 1.2960803774830956, 1.2084704994456965, 0.12325097597552293], [1.9197887656643409, 1.8898435887683167, 1.1491112677737225, 0.11079150129050697, 0.6352294400015437, 0.4726176648473086, 0.6924296879762668, 1.1752233798330571, 0.4586985176825642, 0.4963579461286498, 1.3941837200418785, 0.09618084657690962, 0.6591239801820765, 1.575959985224211, 0.3045163000082798, 1.7770724710501216, 0.28841322290576255, 1.4107741617690859, 0.6149240765512196, 1.4696679576354654], [1.4292807870821214, 1.8303395134195704, 1.6220063662670552, 0.9899181236116965, 1.5279315525188115, 1.5114826298502015, 0.7775515916582745, 1.2000283586886962, 1.5585257939550397, 0.5142700576495984, 1.1927364617814227, 0.2852011014906166, 0.5755507447592898, 1.7445499410347607, 1.0278092712909839, 0.3880442532113044, 1.8123816671143564, 1.7273047525521006, 1.9317159915787203, 1.092723806914047], [0.0391258571808466, 1.0814371142918189, 1.257365855241116, 0.17365241261534248, 1.1758388083405389, 0.1772898217814476, 1.0353528922366828, 1.3654781915849075, 0.505443347419325, 1.5685923567703544, 0.9782102808415611, 1.5743449727972223, 1.053736436433978, 0.218092546577056, 1.9725829555075096, 0.6130444203062813, 1.5257815558979915, 0.28299952113508864, 0.6718643805990725, 0.2064069946417375], [1.3920982237685076, 0.4282042154425538, 0.6800310030754486, 1.9727393291919926, 0.039431682729319295, 1.368710803201517, 1.2748161938649483, 0.4725850549809627, 0.8914127383050063, 0.6733014496992007, 0.3864707536468295, 1.0910057837886376, 1.6314296595990259, 1.9293505066082233, 1.69448156601084, 0.311892259332458, 1.3068059392694402, 0.5442414553400658, 1.5852781098265538, 0.9592453479527419], [0.1860376429046786, 0.3729975293388128, 0.5249320369225474, 1.8265044839478533, 1.4979766856494452, 1.7527227937297996, 1.872176165812015, 1.692222903941835, 0.5713253582289752, 1.511421652464881, 1.4464383093331852, 1.4011323432136562, 1.606240730748393, 0.2627590437371021, 1.5032816454872868, 1.022391883223882, 1.3627930375405581, 1.0355156692082441, 0.8036033501984063, 0.40916096169375304], [0.7853883655385716, 1.0732359308394785, 1.393627889771419, 1.01017565784545, 0.9789418177624634, 0.7223000225511564, 1.9806757496084302, 1.8753066944191854, 1.1234412748380749, 0.8946487261782714, 1.6268840175729031, 1.571434893413638, 1.4370443440565244, 1.7817509581454942, 0.9716626201541283, 1.382195713660692, 0.9296876405418735, 0.1809803930219529, 0.11832921401427221, 0.5898965379741881], [1.5150821300582338, 0.5572460334357965, 0.6712466067687672, 0.016170510617815603, 1.2080980876941094, 1.1359435162576406, 0.2514247022899192, 0.3624155202866437, 1.0284622619578772, 1.1847896024024382, 0.5880657302360655, 0.5528665073993011, 1.8385759779445414, 1.5121063794001481, 1.4661019926163665, 0.56184692188136, 1.3246051023094723, 0.011889979756902314, 1.9206268104372113, 0.7835599697839886], [1.7000707104663788, 1.1566453934114993, 0.32153859341269175, 1.8035528599726236, 1.821633625533655, 1.8419833140160256, 0.395909524983302, 0.9085958243752483, 0.3622742823713794, 0.05240698362132945, 0.2725447015574429, 1.6496492462045504, 0.1155228908086865, 1.7354371965945654, 1.5068802011549849, 1.882027070111287, 1.3942148873756548, 0.813603190125288, 1.7278980112198754, 0.821870268953887], [1.1535456388175023, 1.1141483636142124, 0.6800235193903816, 0.20357279747613544, 1.8140788413036055, 0.8626651746352461, 1.9151237414072746, 1.6637663414072332, 0.4527857315216235, 1.7141037921011433, 0.313311220278258, 0.7684846246052517, 0.6305128066795425, 1.2013760744840989, 1.4679965802359143, 1.6477024430207765, 1.6958229799332585, 0.18017757419605362, 1.0257237788128548, 0.9302781801926885]],