{"index_in_population": 16, "file": "Ken", "neural_net": {"output_length": 7, "hidden_layers_length": 20, "nb_hidden_layers": 3, "input_length": 17, "hidden_layers": [{"weights": [[0.16476147693245824, 0.8730913146711627, 0.6821062868103422, 0.9963827692685877, 0.5726627827425866, 0.7691388114038015, 0.7834151351315654, 0.13795610678521375, 0.8663879634902905, 0.029810523415048862, 0.5896060791319495, 0.7430013312019456, 0.18580459759701218, 0.47164900316686986, 0.04929120675948373, 0.7360899666072186, 0.8037672096950826, 0.2131524842496969, 0.26230048936517714, 0.5621565566832287], [0.18825060627045687, 0.17072348728520537, 0.025241037097620933, 0.21870849245491275, 0.504215484344156, 0.3278112609892778, 0.4196367863883782, 0.08498923811272274, 0.5049993849105056, 0.9293020110279525, 0.8320668535102872, 0.22204274540899793, 0.13405872650790618, 0.8116528404700325, 0.9491798059710759, 0.05846773522215365, 0.38216307910877045, 0.5814671437147151, 0.13599923202316444, 0.5920565602479564], [0.822718767878241, 0.7702518870748346, 0.7023229738753717, 0.7770748030125858, 0.7502148958543564, 0.06962309807296041, 0.2823888456003375, 0.5298214657463299, 0.11531937178496587, 0.7863902186217073, 0.17373722290241522, 0.386705044483193, 0.2980667048273071, 0.11710899588578183, 0.9916716966160449, 0.4381863526704478, 0.5866493016340313, 0.7358481882859539, 0.1569318076708005, 0.8968987930240221], [0.7861805134928671, 0.27964426703395606, 0.8995314230903191, 0.602778830685681, 0.11852332951965505, 0.6145308412236093, 0.06415370699221212, 0.7288657642188386, 0.1828073798417057, 0.7766955561907685, 0.4465513017715146, 0.4988355520382063, 0.7816239345522326, 0.8714221499890661, 0.5642122512996882, 0.9896037990958084, 0.7002902588072984, 0.8003625710744691, 0.3023629823191577, 0.9355738009442703], [0.34791007589483725, 0.7956126290651765, 0.2735652602202897, 0.8922347886756817, 0.08818661752916512, 0.8542098070647856, 0.4367326834959945, 0.2048587183288486, 0.9272967707415418, 0.9003318895588439, 0.476509440825153, 0.1430481054542284, 0.35579716651567417, 0.6685588065463188, 0.6701005572728946, 0.47917423115520263, 0.8073942916430947, 0.80719389450025, 0.20528038147038152, 0.7467446212757827], [0.4719312527397336, 0.030123767444817484, 0.32248033325709546, 0.9093813052908938, 0.8775357003263271, 0.7193316744100944, 0.6842279307543835, 0.396396352333809, 0.6424529486983227, 0.9972087937946771, 0.8085773088032212, 0.017078362015327864, 0.06769412107669492, 0.08396267792897316, 0.44525904091793234, 0.25249499347966275, 0.5403106465650872, 0.6426859120794683, 0.682922846718473, 0.14521676936152106], [0.7792783647188188, 0.08375949299168228, 0.33480011090885897, 0.3645784268457042, 0.09521019326885116, 0.5239514387574681, 0.145165577538503, 0.41028091989097915, 0.8635915513212674, 0.004219893520606255, 0.19903395366076182, 0.527841787691451, 0.06411766467822255, 0.09670008757266091, 0.6126032262036916, 0.03338385102044594, 0.6110381494123532, 0.784535425191986, 0.16519300858726382, 0.5686301806606674], [0.7491413357967825, 0.9954546371336548, 0.3787119603782114, 0.5787163252827484, 0.9131446839405607, 0.7479325674550105, 0.35227764515060866, 0.3938037692589599, 0.934336463896158, 0.24367143357070087, 0.005155425406896841, 0.8568402976001843, 0.8308825838855332, 0.3313116785979663, 0.935814735626493, 0.9483944572819891, 0.3212193593546645, 0.7670656482262596, 0.7608904760095885, 0.32833274953784863], [0.2193536753850619, 0.710701324480423, 0.8313240854591344, 0.4606591248016487, 0.14198109727067532, 0.016503769260604817, 0.7516464140390772, 0.30167634238660335, 0.9083040617236982, 0.09587963952112, 0.6377750227368578, 0.7912975403544837, 0.7453166210966273, 0.7274950413002872, 0.7463221909939496, 0.09586951536775612, 0.8675051019104144, 0.5885753974742616, 0.07933832818403852, 0.25839512306709733], [0.809622545578666, 0.48811547462536375, 0.3206258228712451, 0.5436633537571434, 0.6409192305373976, 0.4934086269767354, 0.9164461883663036, 0.9538416639836768, 0.6114272297793938, 0.349000433016747, 0.6934408680879495, 0.5327515556346856, 0.9542321663208501, 0.9536674419129086, 0.5261568349450031, 0.9174245776240839, 0.5839920659849926, 0.24678473343995488, 0.42649761010288556, 0.17599314325946191], [0.2466000361846047, 0.253989541961237, 0.4562717692823166, 0.7370766052036777, 0.812112617929751, 0.5236548068024484, 0.27118956228045343, 0.7117347075449055, 0.7324075941563545, 0.11109032153701637, 0.2699471895872567, 0.6772435126917591, 0.07124911675506784, 0.1191526051602605, 0.3819015021242449, 0.22997090716678836, 0.3771547919249837, 0.3444408640162102, 0.39284995684532065, 0.2481886026421254], [0.28123884501779306, 0.1244816732907178, 0.5302616719654498, 0.7179747080475122, 0.118600181318679, 0.4313875569641985, 0.8944990484046245, 0.11956683887780317, 0.12294767574320564, 0.4477113510372932, 0.7130995745119328, 0.8232829006945523, 0.2661505805745429, 0.8330721423814708, 0.19181302753642715, 0.8501451184001554, 0.33012434165496674, 0.6632001549464925, 0.36644682428338515, 0.37590988935885283], [0.10390717721914966, 0.08147427577706579, 0.3398278805826821, 0.319680419499763, 0.11771915221221174, 0.5398345799933317, 0.9370212467787846, 0.7655093181106956, 0.8511286641678609, 0.1716949712618676, 0.801767571801549, 0.6396641049427048, 0.03815790787236484, 0.2780048427174793, 0.444279955829857, 0.0480765790356138, 0.008022033284032726, 0.3513767758320996, 0.8535805675831283, 0.2331098368348572], [0.32164024733001795, 0.04517733244867139, 0.24680301375830782, 0.029028291091385383, 0.45884525830697587, 0.12104100592254896, 0.9296873277811303, 0.23160780586251306, 0.15500058076312662, 0.7787882033355779, 0.09746595240230405, 0.6032666193920819, 0.48629941579470737, 0.6357667762899663, 0.963953837846184, 0.49948766117384547, 0.6224874242704401, 0.9791628871520242, 0.7674144974786503, 0.8943058217741297], [0.46735923790458433, 0.789889172008691, 0.6068734758265747, 0.8057940104332848, 0.8669209792920708, 0.8730688907698607, 0.04611099222122428, 0.17670300317282872, 0.742484235586225, 0.015228420813401145, 0.7324628778340924, 0.9237158160329783, 0.985260423596285, 0.500797924006592, 0.3688450708615252, 0.18955923002086783, 0.4017159766583289, 0.9515362681259341, 0.013272748485459007, 0.4837210823485466], [0.3730759592894237, 0.05694632030876423, 0.16963266665136945, 0.8168501819308435, 0.6660232071769021, 0.33215152793981206, 0.02708461532131723, 0.4450608592778129, 0.7715162446079985, 0.41169016094768685, 0.2625308308192845, 0.5716245238659022, 0.8633599531653627, 0.5609146560417178, 0.8185164106444787, 0.07253030700479135, 0.7702159772563896, 0.39714465019477396, 0.19261373605822585, 0.5860425428084094], [0.06150080674992309, 0.27746066702335126, 0.6340748989061875, 0.431321622526294, 0.33901526848725627, 0.5192057862439741, 0.7784847566841053, 0.9267242641895902, 0.9732137115133627, 0.22606173245818728, 0.09884417543073076, 0.5185562572253186, 0.2563520553292241, 0.6077880833614788, 0.6661800702556017, 0.8469959249672346, 0.03571030673157194, 0.9031712629751694, 0.16641341015541522, 0.1976030823574667]],