{"index_in_population": 15, "file": "Ken", "neural_net": {"output_length": 7, "hidden_layers_length": 20, "nb_hidden_layers": 3, "input_length": 17, "hidden_layers": [{"weights": [[0.8819339218108819, 1.575986896126838, 0.4896506779657763, 0.9406386884714808, 0.9694287527517995, 1.6081066396509707, 1.980974577320815, 1.3446834394037945, 0.659906632188765, 0.7788947967260345, 1.774450839405982, 1.5765349806438371, 0.5467391028574118, 0.07082782976452151, 1.0007566101220717, 0.8716541231174075, 1.343831256367784, 1.3076831255141834, 1.2302924229921683, 0.576327682992875], [1.2277459031169586, 1.3547099507110296, 0.07543691615429249, 0.9437854008543076, 1.2335104957035146, 1.7722758593937897, 1.3053329987083726, 1.7695459512732161, 1.2998991677546348, 0.2951744151634299, 1.5132886357103177, 0.6137619802826835, 1.7166099787752827, 0.2239520713080576, 1.6189439942220647, 0.3513621540533973, 0.6352738284914936, 1.0458249221033586, 0.8494559095614538, 0.8346832840920213], [1.7573729176861586, 0.8355331481321189, 1.6601846388293242, 0.4283046090469731, 0.22380666509813185, 0.5565066551702138, 0.25783448908176854, 0.3897705419638575, 1.4321843942338224, 1.2137541406938863, 0.6158192480396376, 0.4116372326874882, 0.6885704303345952, 1.6424838787234384, 1.0658846904136956, 0.33902216839756716, 1.3000975716038117, 1.4435630081934903, 0.29135647737125203, 1.7135471758476934], [0.6133061805707551, 1.218499039126943, 1.525725666052976, 0.6762699739984492, 1.5050581334571784, 1.338451974876283, 0.33902307559692146, 1.1020846046016908, 1.8618180872028447, 0.04667931221002286, 1.6306122922159645, 1.870429762089729, 0.6577184813911485, 0.42354691650218035, 1.702842511867417, 0.6925607676788013, 0.13285974202391704, 1.5263789001480568, 0.592874702265177, 0.3207188136782033], [1.1762384260836465, 1.342770755720119, 0.4584784250867209, 0.9518629433063301, 0.8995330329603335, 1.5689966966759676, 0.9618387753290703, 1.013502726066699, 0.9217877153818923, 0.25959152002142405, 1.1092034059911027, 1.8395907666060385, 1.0563219603639005, 0.840522697959843, 1.0603097441366167, 1.9844410720739298, 0.4325427990881452, 0.540396914787213, 0.2898637773298547, 1.3180925051110943], [1.6256921537402742, 1.3159173308675434, 1.0680653808053826, 0.4252907619471584, 1.4898495113995434, 1.7680096717032625, 1.3026934588467316, 1.9014863674479126, 0.8497235305060606, 1.384947075625609, 1.9723713108246954, 0.34115056816295963, 0.8201054168935005, 0.7478950986044943, 0.2762770915083459, 1.7230126346928927, 0.21730552871066888, 1.7473942909014408, 0.7734589039743711, 0.04660680213683155], [1.617131615799135, 0.5958984030072858, 1.4253489329966058, 1.4538401716336538, 0.20899606365111278, 1.1519759187092653, 1.192417860950351, 0.3883794010556716, 0.8300101780229867, 0.0872512148032698, 1.5504718788559555, 1.3306607763012293, 1.80689718818842, 0.8123075902649084, 1.5164737790736595, 0.7735173346120487, 1.1737093437058999, 0.5694079075926162, 0.1023034164118013, 1.0639151100864424], [1.8860979666052147, 1.7285737298243007, 0.5243294747118767, 0.8693149770569395, 0.9931078880800153, 0.7735787610022706, 1.1180457564427617, 0.020787442335470807, 1.0312561786003034, 1.2711094457014622, 1.8702266028551118, 0.7156113974287444, 1.2571999511135852, 0.2784858940612154, 0.8680514859265565, 0.3128018883981467, 0.051670596398708524, 1.0652995762426076, 1.154034074974107, 0.5847041416796344], [0.3425407574255308, 1.9807771346557608, 0.24795910357571627, 1.579819341953196, 1.0275979925580478, 1.216004186228173, 1.4048916207776, 1.9055777926746496, 0.45797745963174963, 0.03156890412383451, 1.195311565846995, 0.5077198100702192, 0.17993100896837944, 1.6407922841997609, 1.9329693817945868, 0.9142746065197964, 0.8479412260673171, 0.7976479348142966, 1.929369337074683, 1.9837903488081556], [1.191531297343754, 1.8935674080355795, 1.8383292721211502, 0.7678551788313372, 1.5133773179310808, 1.348497176544107, 1.8363101471705234, 1.6338914921081016, 1.3330987402366117, 1.1748175780960903, 1.3694593480520465, 0.7138580879217138, 1.3170124404917776, 0.8255972556291915, 1.577177698545174, 0.7784480194683876, 0.7648744070184739, 0.49713256456338595, 1.315132797122453, 1.8375459968334855], [1.0744793230694745, 0.44569331591412276, 1.3066493679593298, 0.9132727011553579, 1.511120613596181, 1.0029334737618107, 0.8211801779953929, 0.7026342528295251, 0.7371915109719898, 0.07751360766789173, 0.3264062623659485, 1.5553499279356022, 0.9683450281166848, 0.4400155888450483, 1.8921233115201836, 1.7634905659010216, 0.30292272811105425, 1.8513514223751484, 1.2380579238291334, 1.5077967226236801], [1.086938917592859, 0.4951386142166865, 0.8374434677268916, 0.719608316395772, 0.5613622171062111, 0.029414628302834256, 1.5614842633733075, 1.5885445434972707, 1.8943121042885733, 1.7245468676145244, 1.7051713999143934, 1.8647335965743772, 1.1824620550442024, 1.1844518647013194, 1.4521848028990751, 1.9232865870958553, 0.547656680935195, 0.19340414623089486, 0.4820661920104179, 0.26731608911069293], [1.256850131098727, 1.4733431418886151, 1.5165834950797379, 1.521951052841273, 0.9750923016772652, 1.441450650966371, 0.43873930939669536, 0.5729150739263265, 0.27608772079432553, 1.0526380053792763, 0.37441799494666883, 0.23322921470367497, 1.8380926972401026, 1.6133790051603067, 0.7639831008335258, 1.6078905837421515, 1.8238109009685213, 1.4644051873140547, 0.12419620837524659, 1.361788046126037], [1.8691097908791618, 1.4837235872575616, 1.5003407864780685, 0.6367724701752446, 0.5699909998939006, 1.2455379883122324, 0.6264433310474566, 1.7741475543716638, 0.5750782775282133, 1.1644359397547184, 0.49237562415239844, 1.994248877430535, 0.7492095953708853, 0.6838356195576512, 0.43501886487135843, 1.175437999630339, 1.3668328147342959, 0.17860270205096018, 0.8185739047247003, 0.6394169165124324], [0.5681010418344017, 0.919874889102982, 0.06623295080354152, 1.4661838690554836, 0.4419483469317369, 0.021121899031838698, 1.6514262287531336, 1.3387906478149325, 1.6414545917002499, 1.6479092723518851, 0.9002863227652271, 0.9722712852113342, 0.8222014713839068, 0.08018847861607536, 0.34621592198750206, 0.3040396673883148, 0.5756916473051272, 0.33063962835226635, 1.082486132257109, 0.6042214266786818], [0.8089423170963816, 0.01847413897361272, 0.2322068133459234, 0.9199173413924877, 1.667283639246564, 1.3120757193891293, 0.06997372740173802, 0.08545633306249445, 1.519201414676642, 1.13033264212618, 0.1147393193877404, 1.0392775452209007, 0.7049115530887071, 0.8308501698181594, 1.72818704001395, 0.9482338567797925, 0.5775403421379017, 1.5880707641160756, 0.0036025346867483155, 1.2178070599336084], [1.4768900592923941, 0.7864908405762687, 0.9947625074097661, 1.7953290389123429, 1.8446531122522827, 0.5487046498056152, 0.08424288986457995, 0.1704006844870669, 0.5370251900819125, 0.8669793335416041, 0.1569403753706169, 1.0422665867723315, 1.9895586465968194, 0.3124433037968142, 1.8589803234470614, 0.4866637734205219, 0.855219276377438, 1.3323397379359947, 1.3740571067028482, 1.3296378567256593]],