{"index_in_population": 5, "file": "Ken", "neural_net": {"output_length": 7, "hidden_layers_length": 20, "nb_hidden_layers": 3, "input_length": 17, "hidden_layers": [{"weights": [[0.12391281328852521, 0.20672848760165263, 0.8324233525841638, 1.6828784153753509, 0.08871394685691736, 0.056860388177564225, 0.6073331381132361, 1.0121171928318424, 1.5822092984731801, 0.3941899216343534, 1.4623332372949398, 0.6629826605383298, 1.4689130856530306, 0.3255660781883418, 1.5626851777249737, 0.5934445816546188, 1.410864330984958, 0.8470680747737418, 1.3557170690516127, 1.8634238993450591], [0.008779990016501094, 0.1541295958671467, 0.4374074898157043, 1.96918349715546, 0.7376526114496489, 1.8955506901900347, 1.0847784994568592, 0.037593471906990805, 1.1557953295181338, 1.626332087367978, 0.7056065282462043, 0.15212781331790226, 0.010366120003551194, 0.409019819335243, 1.2364478955524199, 1.9190921443130522, 1.0316980417442536, 0.76633471600223, 0.7332397335623919, 1.9567235269386392], [1.877819334027319, 0.8832111929957434, 0.6978506549309293, 0.22198530042511888, 1.6389091457389353, 1.974550138279653, 1.899690900934738, 0.4824981153328267, 1.2574350405579362, 0.2608850760926962, 0.291052053209802, 0.44582991030985086, 0.8934869609938192, 0.611482608310796, 1.1648965347107534, 0.056455594277833976, 1.4698930112038628, 1.7629240193327085, 0.7269377544058147, 0.03206079035938125], [1.3099906030872683, 1.6481269654919692, 1.2176939849078359, 0.20908375943675162, 0.15525597296368598, 1.821630031177221, 0.7038566840940856, 1.4777534417619609, 0.6354385719680369, 0.3684682072943717, 1.3766571442450486, 0.3919375662980302, 1.5019657516412925, 1.1198960933680886, 0.7968259642404585, 0.3446231597543008, 0.1680124402642611, 0.1512209229464596, 0.04578174522526157, 0.14983847463923516], [0.523117537777076, 1.6625279095381975, 1.216733460486713, 0.996638060749822, 0.5135198341086633, 0.6514684677710012, 1.2969839243413515, 0.31846858791311927, 1.8973763500529321, 0.3824438731862565, 1.9711056064485566, 0.10851829757667475, 0.8637900368924178, 0.7508967140729645, 0.5254206308050648, 1.5608810135835727, 1.239791265243629, 1.035825085226857, 1.2541145338190178, 1.4790514397151826], [0.5761992520536436, 0.11252407156148592, 1.3741413710414383, 1.2568208762780149, 1.1395652125350946, 1.6572930495874187, 0.63690941585961, 0.6909081000853858, 1.8816124735530189, 1.9494928704592327, 0.2704068281354759, 1.278523657026166, 1.7751768802943466, 0.7315277578668478, 0.9387910328839348, 1.3337086779984946, 1.1449180552742682, 0.02617835386871392, 0.43207342032049123, 1.064438163768997], [1.5416844692215135, 1.4021916541140222, 0.7698887696391126, 0.7299476630455668, 0.8248225625316392, 0.0918664133803615, 1.4455348829495076, 0.10637926410308207, 1.4308183802229213, 1.828539577929934, 1.5185081299573067, 0.10403443143995372, 0.7705394260548803, 0.6677131907240186, 1.0244147578493346, 1.1527736831565356, 0.24920963574747312, 0.6936534381926374, 1.6022739473049323, 0.2969861024959244], [0.3660041767924469, 1.540438064758376, 1.1065073007189639, 1.3546888579149752, 0.07877240014320819, 1.1432375998339122, 1.5041402892439555, 0.5586208904684105, 1.055437340315219, 0.833471987011706, 1.9216328334400417, 1.2327447723711342, 1.102331241796611, 0.1602862877399065, 0.38340737445498196, 0.5665999170260658, 0.19882771441573932, 1.2203813155592793, 1.2259738739296493, 0.6229818886240401], [0.8767059098604284, 1.693373512858546, 1.6119462151385753, 0.8340685966680881, 1.6077108966829807, 1.085676611287688, 1.1571010672857747, 1.8937858704631885, 1.9105889956372764, 0.5736142304087246, 0.6643747519245045, 0.8014063606294355, 1.22779716679381, 1.0996356000142802, 0.06940153985153619, 0.17947720313369508, 1.5351939572065583, 0.7976479348142966, 0.32406106206985386, 1.5922257808229099], [1.8515062527410193, 0.7491457929263707, 0.5835818844505414, 1.7476439885278285, 0.32348604823646765, 0.14856193520676753, 1.545372888297155, 1.7551210670553512, 0.8565598120983855, 0.8800502128789724, 0.25222064253712984, 0.8776893982771838, 0.36080687172018977, 0.23035429166295973, 1.7876321179482844, 1.3874245307360633, 0.16254065529830175, 1.2656095435723727, 0.44364842147565153, 1.9771820866814982], [0.612816516993338, 0.9816623885762226, 0.4077895628708801, 0.3955542653565618, 1.3959597860184956, 0.5065488122616306, 1.1942189766076718, 1.870729254893372, 0.22957501098940503, 0.7204675544848469, 0.8241628324568888, 1.133477126426732, 1.421514718850475, 0.7725886944507976, 1.2590951250284417, 1.1514794863806797, 1.4477319591115398, 1.4506581644191878, 1.62530130452882, 1.3362115375069397], [1.5296171486235401, 1.156100671364784, 0.46724130040434564, 0.2867360744486993, 1.1046601883716667, 1.5075727249604787, 1.5482572202560347, 0.315641172405813, 1.3198204096880755, 1.3083635662808943, 0.6165291714210519, 0.3715895291441582, 1.697044243413646, 1.366138186161203, 0.9172194440171255, 0.711431099498968, 1.4422001144577257, 1.3129895803016685, 0.6263333951206005, 0.25836402771521483], [0.14191048010539387, 1.4462132315879512, 1.1397338332596592, 1.7555082183253399, 1.5341569720006596, 0.351515897335825, 1.388796762273671, 0.10418529562889112, 1.7600149435502785, 0.010592516884402325, 1.5695716939887976, 0.06651764558687168, 1.3244096411668205, 1.955812971561387, 0.04077066409025143, 0.3077010215779079, 0.7486267861642006, 0.33954530689174534, 1.9837246679733, 0.5290719224179161], [0.9556658790930757, 0.07708110203730789, 1.6778910085885905, 0.9220738703448508, 0.2698621514821469, 0.9536102140030887, 1.1255714715971508, 0.2083150543491854, 1.7647529496283916, 1.4007196471748706, 1.6674250470999674, 1.6316967700979361, 0.9490745279229282, 1.755890412000998, 1.9210671422097794, 0.2179093943100061, 1.9593461011653717, 0.16321687172283839, 0.922179481344398, 1.2742988457265738], [0.45390467462437245, 0.41031666873714934, 1.6053763979234723, 1.5341907479277104, 1.071296697014348, 1.9152209565271199, 1.6274393947785066, 1.1944755696207183, 0.761915673509769, 1.0004034714772936, 0.8554599321091974, 0.29533997585134464, 0.03242288112223668, 1.0628298882565659, 0.9043821494988598, 0.40796246966811056, 1.7108824898740904, 0.625471914280032, 0.7926233535778056, 1.4623408125516348], [0.8839551911308718, 0.31061245178837926, 0.8595357750032755, 0.23884728743021366, 0.15721779173518047, 0.5949060940165971, 1.3312488889933052, 0.8486458183244758, 0.4945985663067807, 1.0389342586396482, 0.16939813668367343, 1.690356824846074, 0.9375670469271447, 1.5167475391275047, 1.8206794668781836, 0.28111871154223667, 0.3557607388046875, 1.4958099924873238, 1.794955031054792, 0.12429053191633499], [0.7182656333660042, 0.5524908732827767, 1.124608904044785, 0.13108463370577206, 0.9352707267188032, 0.8728698307103253, 0.8139115123487504, 0.11711402872098131, 1.571733062604956, 1.466118199819601, 0.22254858300478242, 1.8485058100205531, 0.04319971734942207, 0.3911726596672285, 1.7505589849180436, 0.6988661087750989, 1.3786305489516701, 0.47623594889350973, 0.7112714902109925, 0.5802581560037674]],