{"index_in_population": 13, "file": "Ken", "neural_net": {"output_length": 7, "hidden_layers_length": 20, "nb_hidden_layers": 3, "input_length": 17, "hidden_layers": [{"weights": [[1.1769087986777713, 1.7520229412525772, 0.8623225716693028, 1.3803600816996242, 0.5762364079248061, 1.8952926276562008, 0.7670587280399184, 0.03900454216409477, 1.8604539607315371, 0.9523673869639397, 0.727201691799815, 1.7418023876542124, 1.4432507471539795, 1.52779345618183, 1.2454616857822027, 0.7909850264672418, 1.4382526612936264, 0.20761865301039228, 1.7146902014258871, 0.4546381493870839], [1.4114782432182658, 0.5998257552404995, 0.3995825459619726, 0.49132605819222097, 1.5937659888573121, 1.4051077078722547, 1.7337354188033642, 0.6688210242875843, 1.5765811826002054, 1.814595585978048, 0.05775917878652925, 1.581687141183352, 1.68038107212454, 0.19278366682237413, 1.5674205701882744, 1.4854576435984577, 0.026201746160286365, 0.4308856836302948, 0.0639412025495214, 1.5348245213209444], [0.6231014111136155, 1.3886756992862312, 0.8717734263108674, 1.61605604306218, 1.6993274729344023, 0.3710998369739307, 1.3768539034918816, 0.6827556213935744, 1.7991792143003162, 1.6239204005828292, 0.837910051288226, 1.738872158602359, 0.11674833524334893, 0.9150436262471, 0.4860634182177579, 1.156750331744802, 1.1047252983897486, 1.4107864649101727, 0.04387766618161204, 0.019443961675605026], [1.5354890027849843, 0.6205921758452009, 0.20608780464626975, 0.6898817774874308, 0.7481239459228846, 1.453451436889379, 1.001624308249682, 0.02129602929098473, 0.8151462730067267, 1.6155288211108507, 1.9612545214757862, 1.0813145121677694, 0.5420004462334251, 1.7849592555604656, 1.6342486545474983, 0.821248826183602, 1.2709238594792573, 0.47061663632506034, 1.4167051004756805, 0.7530467792388467], [1.7503808969348045, 1.8355327197849591, 0.45463128144868636, 0.11679197686684617, 1.17227299478496, 1.9904204881107128, 0.17978234784052138, 1.388705128869087, 1.033725505080965, 0.5482028400900265, 0.10963068526724018, 1.6750586062981847, 1.3689151148833125, 1.0505766498131432, 0.25819277414268216, 0.4101311432552657, 0.267965311849818, 1.5665675768882732, 1.961719351928264, 1.702443851460337], [1.5630797727799581, 1.3199089665279429, 0.9502237485070419, 0.8840478861664292, 0.7945221083133887, 1.6151146730464871, 0.5058619452344595, 1.2679765084514898, 1.5466644538834224, 1.0352497214071619, 0.9168081920025675, 0.6705143480261302, 0.6647820539911582, 1.5571846680410604, 0.14005965661499942, 0.752662341614269, 0.608916020372479, 1.1948675754908786, 0.44414879792195094, 0.5707382539479273], [0.07638002341279515, 0.29829102015142683, 1.3775706589110173, 0.22716018818113248, 0.03602197030103538, 1.378724561606526, 1.0894350511057271, 0.022419145692597953, 1.6297603475649325, 1.6091562864552016, 1.6958879131026314, 1.7424878123422685, 0.08006214854017735, 0.6525356537376736, 0.8728678716380494, 0.2477715577326105, 0.9655509907327644, 1.6239229181982326, 1.0250014045856337, 1.8427091091532672], [1.8948177147775325, 1.6599312153207277, 1.3895369865532357, 1.1820236919718172, 0.7938952229418121, 0.6084368247659746, 1.789089437870779, 0.7860622944386582, 1.798481009807558, 0.6494808236396603, 0.9536045426047877, 1.3911261652149303, 1.9854461005588435, 1.4167331540604335, 0.08853266302316509, 0.5990573559495884, 0.673061059053667, 1.8969055272811892, 1.2486493186061673, 0.3909829899353523], [0.10619874955759157, 0.09089719499923699, 0.23111358676730265, 1.387881783386846, 1.0302093278859132, 0.7873888765058066, 0.9757756286636086, 0.8840971912255158, 1.938523012585078, 1.907066151454245, 0.20803101310472272, 0.15390200748058658, 0.5673003094100535, 1.4229982507089336, 0.6834674904488611, 1.7527690285436475, 1.9969583486370628, 0.32782031942954526, 1.1486279944574194, 1.249983186309617], [0.06836983825079379, 1.3709452508614497, 0.13689942695001012, 1.310295747423013, 0.4520076087837088, 1.0263662364839137, 0.6301704902791425, 1.9575178529471318, 0.8724023940169543, 0.9347985585268217, 0.7570375585853222, 0.9982800397615779, 0.3508627822835675, 1.105844211248184, 0.6624809772242437, 0.556596123223795, 0.08946985618030845, 0.159609142020666, 0.17793379609425508, 0.5947329548936908], [0.15694984937700984, 1.7222170078882044, 0.43795235255227105, 0.6540793687740751, 0.16398127735711276, 1.9842300544513936, 0.4525030625144282, 1.3516228164897293, 1.2130544428339256, 0.4048897229026327, 1.0962756804647633, 1.2831466213318348, 1.162579191139667, 0.11998382391920215, 1.083835319988927, 0.2649674684884282, 0.5321410557339934, 1.7337420553717595, 0.7674869957531893, 1.3025474265926218], [0.44521856342126576, 1.2732406960657745, 0.2171243509614229, 1.81891655450609, 1.185421872964398, 1.668467663271919, 1.7061835334191267, 1.0121182745869155, 1.961091720084505, 1.6401908747974578, 0.9155215417457485, 0.1868431477259298, 0.2094574583295865, 0.04098444388670397, 0.8866078406074243, 0.2710033960396341, 1.4810548743412308, 0.9786861385391328, 0.21415588869053725, 0.44244978694582127], [0.0028485490192731167, 1.8663937868181093, 1.5828693230737705, 0.2160621432360208, 0.13022937381994648, 0.3739385561826922, 1.4159936429139168, 1.8146854944318382, 0.14975437661281843, 1.6603579986413035, 0.9476992393558912, 1.583618742033064, 1.20167969072202, 0.5727340664269143, 0.43049562125612395, 0.9083215108589013, 1.383076510772662, 1.0711366399078128, 0.987415958196104, 0.08587813239724418], [0.41365466576906584, 1.0810600709566056, 0.6134521718629125, 1.3073027739392526, 1.661915644791319, 0.17019529616902163, 0.5708048248977293, 1.2953021387686408, 0.1856100847077815, 0.3696276817628834, 1.384533077515192, 1.2852913684639722, 0.5222511953097486, 0.6792617921201152, 0.34611391316563567, 0.20113138927505259, 1.3881576748755198, 0.09740646189259428, 1.1851927253339736, 1.9509013421512025], [0.2817574483140377, 1.1061303449724564, 1.863095563879568, 0.6168732203675156, 0.7984859594786036, 1.0067116563114775, 0.8308921469232518, 1.9309956819671767, 0.09772980906129658, 0.5780242749047679, 0.250921451239442, 1.271111813027318, 0.4494822882676257, 1.6857588543373392, 0.5294690809281033, 1.4509633256960903, 1.2950425252994973, 0.2671530175787702, 0.09527757091109534, 0.01139048231598272], [0.4985130907046813, 0.13515258324663892, 0.7189762296589628, 0.014778562997565636, 1.8750054241499727, 0.9238301537517841, 0.46091144266923334, 0.5852546511903842, 1.9929997240042325, 1.5453830378232318, 0.6568270758639008, 0.8894137370350543, 0.6445471757592014, 1.0742517973090153, 1.7726135987909672, 1.703493649103713, 0.26386031537987087, 0.9379901886493216, 1.5437639171483322, 1.1341708234341723], [1.4410982086163784, 0.43609913771427733, 1.2888660162070102, 0.209029865828267, 0.21628519833275228, 1.973338208935864, 0.9907031240112827, 0.36870464860078833, 1.7884009019925309, 1.428833846549964, 1.0401403225399226, 0.6880070185292411, 1.467115992265132, 0.6863015657644906, 1.790006664027881, 0.29079156468543554, 1.5508814186609852, 1.0508895489805492, 0.6396565623607109, 1.6938624263745066]],