{"index_in_population": 6, "file": "Ken", "neural_net": {"output_length": 7, "hidden_layers_length": 20, "nb_hidden_layers": 3, "input_length": 17, "hidden_layers": [{"weights": [[0.2693246671191445, 1.0122075363430723, 1.843801111109917, 0.48928110854442086, 1.8933491916330094, 1.0646642478458415, 1.8808564073822456, 0.7274242129981376, 0.42164124601303454, 0.6100185538022003, 0.5070584726114931, 0.3585839289433508, 0.8993552203239525, 0.16530326392274763, 0.8657579141784728, 0.06325622471414905, 0.3046460348063449, 1.845487150831372, 0.09569006371866307, 0.5386420070465332], [1.7953241566393616, 0.23694056032403, 1.2335765130475944, 0.069049725696956, 1.484033820134646, 1.7552043521960983, 0.7752438216788811, 1.7793785058872342, 1.5567205704059879, 1.5755425352612566, 1.488612529334559, 0.22349598008281246, 1.7285401968497232, 0.49114103194509484, 0.39373448794761945, 1.8302872489644775, 1.6476767655789808, 1.4291836775020466, 0.4472677391885227, 1.914771635571558], [0.767134316604674, 1.6792733910304913, 1.2389854266052995, 1.6397093232931637, 0.2954669955068514, 0.6662194486382491, 1.1437680028968473, 0.5218952529658052, 1.5925484705256563, 0.8275571768913781, 0.589274659019227, 0.003679929951305505, 0.1285936885456449, 0.02849686221973413, 0.5274268790980401, 1.9491025403965376, 1.9189519676444053, 1.94804435379537, 1.7414096819664453, 0.8005900341630494], [1.1900255189753435, 0.7225461396413992, 1.9566945112789902, 0.015571534922110608, 1.9327603342575888, 0.5422671597480042, 1.976433828676704, 0.08010876751547924, 0.21421611148756803, 1.3535522815457457, 0.41330086858613324, 0.9641805833443164, 0.016249699980419363, 1.865397848269479, 1.5442819697068049, 1.4944036296485597, 0.38957830427247897, 1.4852780592405472, 1.8195243845908713, 1.9894589046870894], [0.9322569986341778, 0.5866217073522852, 1.682836042225007, 0.8915288843289397, 0.21854794433006974, 1.1634090020039767, 1.6694887835276138, 0.32915124240439475, 0.9506106496893625, 0.2864427517724646, 0.15508421158436936, 0.007113751910839294, 1.6982020701953637, 1.827159342596927, 1.987160374715495, 1.4911432362640156, 1.5970664264676981, 1.2358130835839245, 0.692806250783645, 0.21667044258790624], [1.785844033948119, 0.843918156091678, 1.0271622684912742, 1.5308669541186193, 1.8943203746692934, 1.1274907783390478, 1.0330229609254316, 1.558667822515901, 0.45566701188389414, 1.209218656307376, 0.014745297546506553, 0.02380402655119962, 0.398196093501203, 0.49597707581755834, 1.5518928966049532, 0.13716767679043929, 0.5675052042381419, 0.5968132023854149, 1.8854785718440727, 0.854066963779446], [0.5052597030659407, 0.9730040502388624, 0.517954006786165, 0.058408830770487974, 1.5825814884050247, 1.5069739269799607, 0.8613631271982303, 0.27765078683930366, 1.1001495034866282, 0.2532044075653148, 1.5638627027247327, 1.5445593929955435, 0.47854684833424677, 1.4717617613760698, 1.031538685969599, 1.0387919270691173, 0.010266279805573042, 1.3837078494467656, 0.9406587874895562, 0.9186744886413225], [0.733708712054538, 1.237841986670937, 1.1566176458026816, 0.15612611280118793, 1.2898885679364884, 0.5672762925499852, 0.16473125950312517, 0.547949375154807, 1.4711240975326632, 1.2246909743052825, 0.839433629501507, 1.9267033832752192, 0.9298585274368913, 1.7035056455289372, 0.7291915973726648, 1.314869430007579, 0.8057493952967802, 1.3634887535409417, 1.1735244093711112, 0.46369062024229546], [0.07937339717497394, 0.9358931912183319, 0.5740832466119088, 0.3779107908160002, 0.7311979560463968, 1.8525474456454873, 1.8446080837912158, 1.2552395658795468, 1.447703936478559, 1.3533172915590326, 1.3272801071334885, 1.3817297952937906, 1.278698769939272, 0.8382899802069406, 0.19558887309997774, 1.9828110279561166, 1.7521299041201601, 0.34130377981262994, 1.3818674133793574, 0.6774256682639046], [0.3991413196112612, 0.5337681895321014, 0.1420022121294473, 0.07204909804974258, 0.6788255881803849, 0.6481639694277834, 0.8623777123005851, 1.7256619309788832, 0.5988036524805025, 1.3480374907150372, 0.15814677784624265, 0.5138884673938582, 1.562704434200207, 0.9717741246484568, 0.9732324037894928, 1.587547652119637, 0.7268676794652873, 0.1097238558025384, 0.5854153617613294, 1.117176573094087], [0.10302802278349343, 0.23912609061790757, 0.6862788690492829, 1.573192172732677, 0.8835420964188774, 1.2270799980658003, 1.8493056206162344, 1.0761793077840796, 0.08983327301023558, 1.0565651234001743, 1.8197314827367692, 1.467699675388475, 1.9793138438557307, 0.11996223406706608, 0.06981675393337672, 0.426950158640488, 1.7359891912649483, 0.9828465549894565, 0.3448328804631071, 0.7975881119894201], [0.3448502385037946, 1.0694036669831604, 1.970677738116042, 1.3492019885830586, 0.33791346639376996, 0.8826458801283459, 1.182755958862289, 0.30577934124710904, 0.10715817989691967, 1.6777941062931363, 0.8119381510975345, 0.3295171367802161, 1.3024257258247407, 1.3252382746739428, 0.46945936053534365, 1.3339958636922622, 1.655624026278719, 1.1179441701535888, 1.5293278035317703, 1.2574868256302605], [0.4211587251155602, 1.6875092467018509, 0.6852333869665626, 1.4981006320088621, 0.5057385178618095, 1.6897754395216873, 1.6758404778851996, 0.6350683444604981, 0.6707121159254628, 0.5781908589864451, 1.2252290379445545, 1.1964877759120691, 0.12292694513155955, 1.4168511565787427, 0.4429943178839246, 0.8056588782572485, 0.22788022126263408, 1.2861149848260138, 0.5283832372275501, 0.9827887100454249], [1.732898433833451, 1.2414679840729914, 0.11126635906814997, 0.22658450816701103, 0.7829989771910242, 1.8131316263149801, 1.3604294286574945, 1.247721216607338, 0.4492995499425434, 1.8636846407681653, 1.054462767909123, 0.46468632115234265, 1.2209046667944945, 0.2438600472774195, 0.982149269336875, 0.935383923470404, 1.9088895512007837, 1.436827944472711, 1.3838798558103442, 0.6356075696130379], [1.9811790176411859, 0.5336928975444264, 1.0244529722506124, 1.7747529101970012, 0.013282499846588136, 0.22929168242936315, 1.3322175942834762, 0.4262841413437275, 0.25216316345052125, 0.22711537061364662, 1.228408835487649, 0.16456400800632331, 1.8908335445047229, 0.02902618597297746, 0.7652184632553476, 1.40608376728454, 0.5277971748892569, 0.6794529411525125, 1.6179440658815103, 1.5567664750184014], [0.8990560448732567, 1.3758872073326198, 1.8349058403247067, 1.8035274362190514, 1.867010464694447, 1.8493338885610384, 1.5443736485451132, 1.3192374725540765, 0.8392473048805964, 0.1050422913832103, 0.09083211756536946, 0.6485278385329032, 1.3966712352220583, 0.7647414890190891, 0.6870004814298765, 0.06062598730949054, 1.2852312726275632, 0.09066145475810106, 1.9476987340426535, 1.7897479155330236], [0.771685680868935, 0.26247804822627563, 1.0012574283096891, 1.9586476630737022, 0.15723153262974754, 0.8844678308031879, 1.081260160811158, 1.605192067968462, 0.9110470478791837, 1.243056650992944, 1.0060565621955622, 0.02245335193222986, 0.2255339750228007, 0.4825465847767627, 0.9739012091283024, 0.7219181657837519, 0.19770200229097035, 0.6377064142917113, 0.6271176356595538, 1.9090730298646832]],