{"index_in_population": 12, "file": "Ken", "neural_net": {"output_length": 7, "hidden_layers_length": 20, "nb_hidden_layers": 3, "input_length": 17, "hidden_layers": [{"weights": [[1.6089342597111114, 0.16702695152746583, 1.2066245033040437, 1.1759696449110695, 0.08781907348939866, 0.07560072594383427, 1.5009892938583138, 0.012461649034486433, 0.641175442770368, 0.7237419578169877, 0.45978047310030346, 1.8492383980464668, 0.19975370797985126, 0.9652384994329068, 0.9966143530948572, 1.928619837558173, 0.5587670437346346, 1.7030475533516638, 1.7047507285605694, 1.0194433460868857], [0.9142280256036648, 0.8403941005754316, 0.012916681077107528, 0.7171701100685259, 0.7148194793886873, 0.19028827711254892, 1.3171149578638799, 1.4224654445728662, 0.625314310909256, 0.27966413904069554, 0.9075752238484138, 0.5145851865326156, 1.56725968063945, 1.7516881069335337, 1.3789154026790027, 1.486244903433527, 1.4106773003650979, 0.6412480711655772, 1.5557224916813597, 1.0006911395384186], [0.8892010801402694, 1.5452989485959598, 0.8063983641797914, 0.7144130830506199, 1.7293894398925935, 1.191718955220163, 0.8349490112973172, 1.211812111102009, 1.9544911704874401, 0.11936695294869493, 0.9540474052819996, 0.43343083048037445, 0.7528838149606918, 1.9660301833709326, 0.7307840028380599, 1.3677417610696216, 1.6971280881325148, 0.28375648952550336, 1.6709838370464327, 0.11090253731725008], [0.6781418870286067, 0.5158098568450731, 1.4577763017514465, 0.9441170912581578, 1.3410836069547512, 0.7294424374304354, 0.03872205946703988, 0.5802771514297875, 0.6826739638267352, 0.14282422475028334, 0.3638583179327741, 0.6827529224679629, 1.2138551561172986, 1.6467330299289669, 1.983860368545909, 1.095574700431298, 0.6242991717199811, 0.3069720628387196, 0.5380079184900988, 0.9363492828922939], [0.3143505235541635, 0.603807440314609, 0.905842227883209, 0.8207143697123127, 1.701753563775707, 1.3985757531545586, 1.749324299484442, 1.7153268275673765, 1.7202236556675023, 0.3470751154646228, 1.3579257340604094, 0.21098364976276862, 0.6367757466610766, 0.8680558813064356, 1.7966991272485335, 0.36274229847439154, 1.4515693705008081, 1.9942539366836316, 1.7957744258009751, 0.40566890930475363], [1.0152501833805738, 1.7314229522680225, 0.8690673189220885, 1.6706874699848098, 1.3757912382189932, 0.060918201464941424, 0.46718250453245247, 0.21706967958986811, 1.1096779188933696, 0.814114357568251, 1.5928201345751578, 0.8384458831307293, 0.0898599715136077, 0.07449001352683715, 1.5009812103977187, 0.20384279961000962, 0.23481378020973098, 1.5392688418517055, 0.4588426203418523, 0.4084570043620097], [1.6577872341134354, 1.1154004896743321, 0.3820952921203642, 1.6377760303770148, 1.482575615141008, 0.20304620202423518, 0.8146503741413273, 1.2873444693737675, 0.13537020072931139, 1.4703049592464408, 1.9565919164958385, 1.670506166430726, 0.28287192355513, 0.5813674223658318, 0.8537834863969327, 0.7045913148552836, 0.2060378053696592, 1.3009512038310738, 0.7626052188852028, 0.828294625241577], [0.5498665196776811, 1.5176022272119531, 1.0711869471683095, 1.6797453019389321, 1.6475122394309405, 1.8311684845424328, 0.47907763260109104, 0.33297772697953953, 1.1316415743424941, 1.5556569586117752, 1.2855918330423535, 1.3517407160746295, 0.06957241487053456, 1.9895586471346882, 0.3297784031298836, 0.9884880300654206, 0.5772119980512649, 0.8775676349380741, 0.4699913912101299, 1.1758482446862701], [1.5393807918388691, 1.076829256122832, 0.3655400436865077, 0.1243384661493967, 1.214216546410812, 0.9210281344273219, 1.3546129732320544, 1.8584742117235376, 0.14412741015030228, 0.5046345604353115, 0.08229697787133783, 1.2776622956986947, 1.8142503386591804, 1.1120765993429764, 0.03606682318487375, 0.09580790850076926, 1.912961585444701, 1.5017607273023927, 0.8665909571182613, 0.7531144063388593], [0.6689140046566069, 0.7084971474603539, 0.13236864721309538, 1.851244314949737, 1.1820168223794114, 0.9269328782851392, 0.30540137814815793, 1.7356063358771208, 1.9746459399174598, 1.5683403389461872, 0.9601290310054309, 0.4763522833819349, 0.6814135271033164, 1.2437391228174433, 0.45673935701699153, 0.25124177911105616, 0.4583605734229268, 1.2268631601436408, 1.2619777500107061, 0.8555053916609874], [1.4233938856651336, 1.1362869857217988, 0.7217746045878057, 0.6811114915766561, 1.752679527321917, 1.8251772126857544, 1.8514644114621368, 0.8614420315883622, 1.18318344919214, 1.4968450040985433, 1.1278186707055633, 0.8342378709187701, 1.0213490079732417, 1.6593064250666634, 1.9436936860661902, 0.14654973467526977, 0.9861285552056778, 1.3994619431953503, 1.857066534500087, 0.22939283224757245], [0.7318077111011465, 1.9170519837136017, 0.5971079769629009, 0.25232871971903803, 0.3474521583216603, 1.0718080951836395, 0.8391629855815104, 0.41671342286107116, 0.2122368316833012, 1.9716584758852624, 1.6271835853510404, 0.8590382296980434, 0.9056482045201606, 0.24737051831074996, 0.31569421868717473, 0.4734974013655233, 0.1410062688542708, 0.8695161012369506, 1.5206975022581328, 1.6253692805478845], [1.9736142493083197, 1.9880699496430434, 1.683704434231922, 0.9179610014500332, 0.6905734736073543, 0.5829163363754191, 0.7287739570657141, 1.534302346014858, 1.0064612147890648, 0.8351276576337214, 0.28262471666258215, 1.002016790297735, 1.1840432599947788, 1.7713662252474067, 1.2331650597887653, 0.20415138121456144, 1.8978081022835256, 0.14632072671186602, 1.2352434400050687, 1.8939340809079535], [0.8979369294538615, 0.5823530876279617, 0.03221931756175467, 1.1439481408165464, 0.7608668530293135, 0.3424390992838311, 0.42145333868494084, 1.1471518546697765, 0.08832505779749633, 0.03638226570259473, 1.60518758236807, 1.6314574923263294, 1.0669705819419566, 0.5120208729232607, 1.5376366717720398, 1.1372242282085796, 0.18307251465480867, 0.1808392318192833, 0.8489079831300244, 0.05242319735959522], [0.015297461946901514, 0.803166019888345, 1.769140936981319, 1.347489121419095, 0.35364555939187614, 1.70102168160766, 1.9501982339454946, 1.993422623997321, 0.3260456556580782, 0.03453679358627726, 0.6781496537956178, 1.6011070012915922, 1.4232860990395597, 0.1355236943970215, 0.08730644631827822, 0.27726929686574087, 0.6630738420563846, 1.0353146955671846, 1.49420094616871, 0.026340320534753436], [1.4331934373186306, 1.7543152903603156, 0.7480012199221362, 0.19006240979499234, 0.1544553182688151, 1.921729358724758, 0.9340289970231448, 0.24876450531705419, 0.6972053508356288, 1.0822438259515388, 1.9505890446071825, 1.6422593712657152, 1.6304457378654231, 1.3795836537144293, 0.7243716623062475, 0.4165891406271247, 1.4992596821514554, 0.8378888182805111, 1.9252271029104857, 1.5393724852459947], [1.7909695775350005, 1.4269842331091471, 0.21958515399293943, 1.6886434087226032, 0.7271809082023539, 1.9328343128383578, 0.4739401965281884, 0.6286560183013317, 1.3690616497880326, 0.04387632592309432, 0.7365445912183071, 1.168646365488317, 0.5870931617092112, 1.5798261182338043, 1.4179733440129572, 1.1298576948087606, 1.8607566589647913, 1.8762281088636177, 0.8408084870377297, 1.516187322193987]],