{"index_in_population": 8, "file": "Ken", "neural_net": {"output_length": 7, "hidden_layers_length": 20, "nb_hidden_layers": 3, "input_length": 17, "hidden_layers": [{"weights": [[1.4097157931111028, 1.1458170311377014, 0.44143895922021925, 0.3876730523815033, 1.0252942402524126, 1.8191802181974788, 0.682842309962207, 0.17755352383643008, 0.6660426488340427, 0.38077567781757815, 1.05481567301203, 1.9936660148920864, 1.2565311922168245, 0.3835095252272893, 1.4664846581535687, 0.7217660110359005, 1.1081360204271469, 0.7842995761503677, 1.7347681422360033, 0.2146423759848879], [1.1810662458713077, 0.9968054467662393, 1.5064358573439884, 1.7329010666237106, 1.6701788535667608, 1.376171979094844, 0.21094769286486237, 0.5585069987648184, 0.9361981183787857, 1.8660871547363946, 0.4255722210177906, 0.5034234936076931, 0.7388773544893841, 0.7391554415774388, 0.3069331503164159, 1.8385840746540385, 1.7195029516350306, 1.7160124373689776, 1.5973947854364772, 0.16037301968375184], [0.8607780909336888, 1.1641570358815967, 0.2964249834167929, 0.6921878875927869, 1.2838535274644547, 1.031298897189054, 0.6309939556744932, 0.21382679302671925, 1.1930598736110585, 0.11067938489120133, 1.6886661826579261, 0.21143596244675722, 1.343187851973562, 0.24410050168457897, 1.968407553637415, 0.8143796630466724, 0.547838851848039, 0.4860970630409793, 0.15801875844926827, 1.4713490882703115], [0.2040686635141764, 1.400219402967843, 1.892092393572504, 1.2690485850622848, 1.8670725019090815, 1.8742959878101213, 1.9383790269980317, 0.2355481666364032, 1.8049736453191283, 1.4781824720888843, 1.5278377977178832, 1.0896279085564176, 0.9712327356721764, 1.1077023302154678, 0.8123526679706978, 0.30443163062502854, 0.0686126663668285, 1.8155832899379445, 0.6031349910250907, 1.2372029275939624], [1.3991382388392655, 0.7624358946473568, 1.0921075085012295, 1.8327359542132209, 1.72122606938272, 1.7058782993209056, 1.411902615283317, 0.6883172541506559, 1.12538687451021, 0.3471426629590053, 1.0475201465011665, 1.7650767497372188, 0.9165724831572439, 1.159007012471579, 0.10622522975853155, 0.6722382921135723, 1.7282483383728455, 1.704861479297735, 1.2364975135886633, 1.117729078920294], [1.6047085868637938, 1.0851837021740216, 0.9320676246135378, 1.8389803968761738, 0.691128981474078, 0.8544223779714235, 1.9079934244358219, 0.027409542261766395, 1.9231939088012873, 1.5554312526214158, 0.16872629818844587, 0.49687354771197345, 1.7601802749194333, 0.7032102120059138, 1.9489434435316406, 0.4280219566664414, 0.49609754529854255, 1.8841014777563243, 1.4387960689184927, 1.7302448589241723], [1.9200889335664735, 0.3605111467568489, 1.2385860569849787, 0.7609717345342757, 0.36007755550734566, 0.044615922875683944, 1.807725124981342, 0.796824104300212, 1.7277480928114564, 1.4137138728705891, 0.7249757124247027, 0.45258332540215296, 1.2614241594409428, 0.609715226383094, 0.4615426736561823, 1.0115617467510978, 1.942782835506001, 0.41018749805527865, 1.7500274590389135, 0.8239970215986525], [0.6931156809469248, 1.8307221646445635, 0.14977893618969396, 0.42859096613607184, 0.21435030082094508, 1.0634526163581441, 1.2821185149853045, 1.7346988271426986, 1.0327887371187487, 0.24124346230049754, 1.6549740686623184, 0.28684779606912536, 1.7518837377825383, 1.057492704688321, 1.807203866244984, 1.6077694141397638, 1.7366612638829186, 0.5437310560953472, 0.5546654246369915, 1.7779843079310713], [0.7432961235439071, 0.7612371059172769, 0.8045342747214792, 0.1755347311227684, 0.9422090736472428, 1.1069270223949246, 0.7910941193074776, 1.1905352604951975, 1.7950979117507975, 0.4862339465828438, 1.165303314026316, 1.1318171709810887, 1.2174855126526327, 1.3262027839339736, 0.04412784083625687, 0.4857199365890119, 1.0882826488504584, 0.4943773679203489, 0.6708799562720971, 1.5567701210764837], [0.9022001252397265, 0.3111560114783485, 1.609333488876965, 1.762681552621127, 0.4163357751534904, 0.8691859799195765, 0.5107738966001607, 0.2979839576087524, 1.1615734450442605, 1.2214576048866281, 0.9102537224601148, 0.7423814984094468, 1.8125718299994413, 0.9981131347521941, 1.2219327806186506, 0.8673052888478061, 1.8504150793896286, 0.2627411202904575, 1.7462534344036247, 1.4706480946548142], [0.8828905897651418, 1.7066607163505358, 1.6477712920867489, 1.9407130759593254, 1.2451635029917496, 1.3086752371737782, 0.06584827752181033, 1.7574169302967613, 1.0461696786889345, 0.8978606668031832, 1.25036751321332, 0.7116089771927459, 1.9405570091425304, 0.38038300707916295, 1.3519911038610486, 0.973639308304665, 0.029765145289926354, 0.12144761898911538, 1.6699004590278879, 1.0162232758649574], [0.37757016292563716, 0.5451992014248916, 0.9249766780132491, 0.6688706422865407, 0.7543027188156795, 0.3130191974269858, 0.3411831883071561, 0.5732048187047534, 0.011881138612226394, 0.7051726798756133, 1.3347061717992244, 1.8599640432650606, 0.8042230170849356, 1.8995536188751438, 1.87328562491399, 0.44428110946702737, 1.5582286616982766, 1.7353898515261559, 1.3163353311648662, 1.536133506343141], [1.0050334433998018, 1.09384259618998, 0.6682643429912951, 0.44930709100926114, 1.3788722375653302, 1.3858627091844475, 0.8270173597051707, 1.194606798631913, 0.8700191497859275, 0.010912821008963292, 0.24524689557954593, 0.23981021873602848, 0.705749885123595, 1.554022130204957, 0.3487459685870047, 0.8487695851205745, 0.6665722238829119, 0.11609785206566658, 0.016946096192976157, 1.0348189406298176], [0.8086676186955284, 0.20701711146387347, 0.07453391641418072, 1.6032265622410975, 1.1213477046511866, 0.18435427541923954, 1.5869145911827045, 1.71285348615887, 0.9321915089042505, 0.3284859173927712, 1.8241152930893565, 1.96439918690304, 0.23988354075855334, 1.7377642829181434, 0.16049552903934572, 0.5905871683074602, 1.054754051528693, 1.2968515473372246, 0.8567269366588637, 1.463192322466489], [1.3521998174207501, 0.6863500595257996, 1.8165833391255002, 1.0588688699884943, 0.0786551655483434, 0.17496710482818334, 1.1458951936136266, 0.19540023412088758, 0.1559892402251486, 1.8195415261508245, 1.3945390830809714, 0.3331475449512509, 1.605501538226318, 0.08164514249363841, 0.7362748555816665, 1.7492670943784747, 1.8928644485822466, 1.5152498525771112, 1.5011883216792175, 0.9720994998781451], [1.4715873453107575, 1.2636696224221773, 0.8956449436079121, 1.6337275244227678, 1.7956905917223465, 1.5892697399397988, 0.054355049819617474, 0.9802922945891381, 0.507431671189172, 0.39518776149672163, 0.27544516826624577, 0.09895207133570172, 0.352598615352812, 0.5954750625286942, 0.950570479374335, 1.0306460312775778, 0.3442479423967224, 0.015159189880062485, 0.9872148822131919, 0.45477394178686614], [1.6428774020614472, 1.7058409510494152, 1.1693668663590264, 1.2700645338002134, 1.7158810409847454, 1.633210890733245, 1.3704162130927364, 1.4062368316864844, 0.826605176577738, 0.014295106909662403, 0.7713196413953207, 1.0464253130355836, 0.9021115656478398, 1.1049360231774086, 0.17567250636858067, 1.3661264628336387, 0.8894832375727706, 1.6064870385654353, 0.1829164784588353, 0.33394609333038794]],